Volume em Circulação;Valor de Cotação (Abertura);Valor de Cotação (Máxima);Valor de Cotação (Mínima);Retorno do Dia;Dia da Cotação;Mês da Cotação;Ano da Cotação;Valor de Cotação (Fechamento)
4420;0,1;0,1;0,1;0;23;10;2010;0,1
34600;0,1;0,1;0,1;0;22;10;2010;0,1
44870;0,1;0,1;0,1;0;21;10;2010;0,1
31860;0,1;0,1;0,1;0;20;10;2010;0,1
6240;0,1;0,1;0,1;0;19;10;2010;0,1
25670;0,1;0,1;0,1;0;18;10;2010;0,1
18220;0,1;0,1;0,1;0;17;10;2010;0,1
6290;0,1;0,1;0,1;0;16;10;2010;0,1
24640;0,1;0,1;0,1;0;15;10;2010;0,1
37220;0,1;0,1;0,1;0;14;10;2010;0,1
47560;0,1;0,1;0,1;0;13;10;2010;0,1
25660;0,1;0,1;0,1;0;12;10;2010;0,1
14090;0,1;0,1;0,1;0;11;10;2010;0,1
50680;0,1;0,1;0,1;0;10;10;2010;0,1
187850;0,1;0,1;0,1;0;9;10;2010;0,1
43690;0,1;0,1;0,1;0;7;10;2010;0,1
33430;0,1;0,1;0,1;0;6;10;2010;0,1
27530;0,1;0,1;0,1;0;5;10;2010;0,1
34000;0,1;0,1;0,1;0;4;10;2010;0,1
7170;0,1;0,1;0,1;0;3;10;2010;0,1
13060;0,1;0,1;0,1;0;2;10;2010;0,1
1720;0,1;0,1;0,1;0;1;10;2010;0,1
7920;0,1;0,1;0,1;0;30;9;2010;0,1
23480;0,1;0,1;0,1;0;29;9;2010;0,1
7090;0,1;0,1;0,1;0;28;9;2010;0,1
10750;0,1;0,1;0,1;0;27;9;2010;0,1
12060;0,1;0,1;0,1;0;26;9;2010;0,1
2150;0,1;0,1;0,1;0;25;9;2010;0,1
680;0,1;0,1;0,1;0;24;9;2010;0,1
15510;0,1;0,1;0,1;0;23;9;2010;0,1
11560;0,1;0,1;0,1;0;22;9;2010;0,1
5740;0,1;0,1;0,1;0;21;9;2010;0,1
14310;0,1;0,1;0,1;0;20;9;2010;0,1
12850;0,1;0,1;0,1;0;19;9;2010;0,1
7090;0,1;0,1;0,1;0;18;9;2010;0,1
7260;0,1;0,1;0,1;0;17;9;2010;0,1
730;0,1;0,1;0,1;0;16;9;2010;0,1
3650;0,1;0,1;0,1;0;15;9;2010;0,1
10080;0,1;0,1;0,1;0;13;9;2010;0,1
790;0,1;0,1;0,1;0;12;9;2010;0,1
7750;0,1;0,1;0,1;0;11;9;2010;0,1
4940;0,1;0,1;0,1;0;10;9;2010;0,1
1730;0,1;0,1;0,1;0;9;9;2010;0,1
2350;0,1;0,1;0,1;0;8;9;2010;0,1
3460;0,1;0,1;0,1;0;7;9;2010;0,1
910;0,1;0,1;0,1;0;6;9;2010;0,1
8460;0,1;0,1;0,1;0;5;9;2010;0,1
3300;0,1;0,1;0,1;0;4;9;2010;0,1
890;0,1;0,1;0,1;0;3;9;2010;0,1
8150;0,1;0,1;0,1;0;2;9;2010;0,1
7170;0,1;0,1;0,1;0;1;9;2010;0,1
14890;0,1;0,1;0,1;0;31;8;2010;0,1
3170;0,1;0,1;0,1;0;29;8;2010;0,1
6170;0,1;0,1;0,1;0;28;8;2010;0,1
9010;0,1;0,1;0,1;0;27;8;2010;0,1
3870;0,1;0,1;0,1;0;26;8;2010;0,1
4230;0,1;0,1;0,1;0;25;8;2010;0,1
6710;0,1;0,1;0,1;0;24;8;2010;0,1
4300;0,1;0,1;0,1;0;23;8;2010;0,1
18650;0,1;0,1;0,1;0;22;8;2010;0,1
10440;0,1;0,1;0,1;0;21;8;2010;0,1
4200;0,1;0,1;0,1;0;20;8;2010;0,1
740;0,1;0,1;0,1;0;19;8;2010;0,1
2950;0,1;0,1;0,1;0;18;8;2010;0,1
13190;0,1;0,1;0,1;0;17;8;2010;0,1
10730;0,1;0,1;0,1;0;16;8;2010;0,1
4460;0,1;0,1;0,1;0;15;8;2010;0,1
4400;0,1;0,1;0,1;0;14;8;2010;0,1
3590;0,1;0,1;0,1;0;13;8;2010;0,1
2060;0,1;0,1;0,1;0;12;8;2010;0,1
14060;0,1;0,1;0,1;0;11;8;2010;0,1
1310;0,1;0,1;0,1;0;10;8;2010;0,1
13630;0,1;0,1;0,1;0;9;8;2010;0,1
2200;0,1;0,1;0,1;0;8;8;2010;0,1
2620;0,1;0,1;0,1;0;7;8;2010;0,1
1400;0,1;0,1;0,1;0;6;8;2010;0,1
5030;0,1;0,1;0,1;0;5;8;2010;0,1
3490;0,1;0,1;0,1;0;4;8;2010;0,1
9820;0,1;0,1;0,1;0;3;8;2010;0,1
3600;0,1;0,1;0,1;0;2;8;2010;0,1
2600;0,1;0,1;0,1;0;1;8;2010;0,1
4019,9999999999995;0,1;0,1;0,1;0;31;7;2010;0,1
3020;0,1;0,1;0,1;0;30;7;2010;0,1
8060,0000000000009;0,1;0,1;0,1;0;29;7;2010;0,1
4390;0,1;0,1;0,1;0;28;7;2010;0,1
3370;0,1;0,1;0,1;0;27;7;2010;0,1
880;0,1;0,1;0,1;0;26;7;2010;0,1
1550;0,1;0,1;0,1;0;25;7;2010;0,1
500;0,1;0,1;0,1;0;24;7;2010;0,1
2400;0,1;0,1;0,1;0;23;7;2010;0,1
2160;0,1;0,1;0,1;0;22;7;2010;0,1
580;0,1;0,1;0,1;0;21;7;2010;0,1
260;0,1;0,1;0,1;0;20;7;2010;0,1
570;0,1;0,1;0,1;0;19;7;2010;0,1
30300;0,1;0,2;0,1;0;25;10;2010;0,1
13800;0,1;0,2;0,1;0;24;10;2010;0,1
14020;0,1;0,2;0,1;0;14;9;2010;0,1
19220;0,1;0,2;0,1;0;26;10;2010;0,2
30390;0,2;0,2;0,1;0;10;11;2010;0,2
61470;0,2;0,3;0,1;0;3;11;2010;0,2
80;0;0,1;0,1;0;18;7;2010;0,1
139290;0,1;0,1;0;0;8;10;2010;0,1
34190;0,1;0,1;0;0;30;8;2010;0,1
68070;44163;44312,1;42629;0;5;1;2024;44156,9
178730;16673,1;16773,2;16607,2;0;3;1;2023;16674,2
75300;40009;40630,7;39340,8;0;29;7;2021;40001,4
611800;7208;7272,4;7124,6;0;12;12;2019;7208
511510;9580;9703;9483;0;30;7;2019;9580,7
42480;891,1;895,2;851,4;0;25;12;2016;891,1
22020;702,1;706,4;694;0;5;11;2016;702,1
25320;604,7;607,2;602;0;29;9;2016;604,7
38220;415,7;416,9;412,8;0;1;4;2016;415,6
33150;231,1;232,7;229,9;0;20;9;2015;231,1
47880;257,1;259,9;252,9;0;17;8;2015;257,1
35750;237,3;238,4;236,2;0;28;5;2015;237,3
5630;477,7;479,3;473,7;0;15;9;2014;477,7
11070;206,9;209,8;200,4;0;28;10;2013;206,9
17000;144;148,9;142,2;0;3;9;2013;144
16580;128,8;130;126,3;0;31;5;2013;128,8
16320;47;47,4;46,3;0;16;3;2013;47
40440;14,1;14,4;13,9;0;11;1;2013;14,1
28610;13,7;13,9;13,6;0;9;1;2013;13,8
12740;13,4;13,5;13,4;0;6;1;2013;13,4
17970;13,3;13,4;13,2;0;2;1;2013;13,3
26150;13,4;13,7;13,3;0;29;12;2012;13,4
23810;13,4;13,6;13,3;0;28;12;2012;13,4
13170;13,4;13,4;13,1;0;25;12;2012;13,4
25330;13,5;13,6;13,4;0;21;12;2012;13,5
24200;13,7;13,8;13,5;0;13;12;2012;13,7
24670;13,4;13,6;13,3;0;10;12;2012;13,4
28170;13,4;13,5;13;0;9;12;2012;13,4
29800;13,4;13,4;13,1;0;5;12;2012;13,4
14700;12,6;12,7;12,5;0;1;12;2012;12,6
19230;11,7;11,8;11,6;0;21;11;2012;11,8
19110;11,8;11,8;11,5;0;17;11;2012;11,8
24540;10,9;11,1;10,8;0;14;11;2012;10,9
12630;10,9;10,9;10,7;0;11;11;2012;10,9
26060;10,9;11,1;10,8;0;8;11;2012;10,9
31730;10,9;11,2;10,8;0;7;11;2012;10,9
21770;11,6;11,8;11,6;0;24;10;2012;11,6
22110;11,7;11,9;11,6;0;20;10;2012;11,7
23550;11,9;12;11,7;0;17;10;2012;11,8
41190;11,8;12;11,5;0;16;10;2012;11,9
21540;12;12,1;11,9;0;12;10;2012;12
97940;11,8;11,9;10,6;0;8;10;2012;11,8
37950;12,9;13,1;12,6;0;4;10;2012;12,9
24830;12,4;12,5;12,3;0;1;10;2012;12,4
7790;12,4;12,4;12,3;0;30;9;2012;12,4
17060;12,4;12,5;12,2;0;29;9;2012;12,4
19330;12,3;12,4;12,2;0;27;9;2012;12,3
26610;11,9;12;11,8;0;17;9;2012;11,9
20570;11,4;11,4;11,2;0;13;9;2012;11,4
58630;11,3;11,4;10,8;0;12;9;2012;11,4
14030;11;11,1;10,9;0;9;9;2012;11
24250;11;11,1;10,8;0;8;9;2012;11
53650;10,9;11,1;10,6;0;29;8;2012;10,9
54880;10,9;11,2;10,5;0;28;8;2012;10,9
88050;11,6;12,9;11;0;18;8;2012;11,6
101880;11,1;12;10,8;0;9;8;2012;11,1
31320;11,1;11,1;10,9;0;8;8;2012;11,1
51640;10,9;11,2;10,6;0;6;8;2012;10,9
52320;11;11,3;10,5;0;4;8;2012;11
16170,000000000002;8,9;8,9;8,7;0;28;7;2012;8,9
26670;8,9;8,9;8,8;0;27;7;2012;8,9
146400;8,4;9,2;7,8;0;23;7;2012;8,4
41890;7,2;7,3;7;0;11;7;2012;7,2
18220;6,8;6,9;6,7;0;8;7;2012;6,8
43190;6,7;6,7;6,6;0;6;7;2012;6,7
20590;6,7;6,7;6,6;0;30;6;2012;6,7
26300;6,6;6,7;6,5;0;29;6;2012;6,7
42820;6,7;6,7;6,5;0;28;6;2012;6,6
62640;6,3;6,4;6,2;0;25;6;2012;6,3
51940;6,7;6,8;6,6;0;21;6;2012;6,7
35040;5,9;6;5,8;0;14;6;2012;5,9
53840;5,6;5,7;5,6;0;8;6;2012;5,6
40680;5,4;5,5;5,4;0;6;6;2012;5,5
12680;5,3;5,3;5,2;0;3;6;2012;5,2
15170;5,3;5,3;5,2;0;2;6;2012;5,3
39480;5,1;5,2;5,1;0;31;5;2012;5,2
39940;5,2;5,2;5,1;0;30;5;2012;5,1
61270;5,1;5,2;5;0;29;5;2012;5,2
27560;5,1;5,2;5,1;0;28;5;2012;5,1
15750;5,1;5,2;5,1;0;27;5;2012;5,1
23080;5,1;5,2;5,1;0;25;5;2012;5,2
28920;5,1;5,2;5,1;0;24;5;2012;5,1
52960;5,1;5,2;5,1;0;23;5;2012;5,1
46680;5,1;5,1;5,1;0;22;5;2012;5,1
33620;5,1;5,1;5,1;0;21;5;2012;5,1
18690;5,1;5,2;5,1;0;20;5;2012;5,1
23160;5,1;5,1;5,1;0;19;5;2012;5,1
52580;5,1;5,1;5,1;0;18;5;2012;5,1
26620;5,1;5,1;5,1;0;17;5;2012;5,1
44140;5;5;4,9;0;15;5;2012;5
14050;4,9;5;4,9;0;13;5;2012;4,9
20880;5;5;4,9;0;12;5;2012;4,9
38920;5,1;5,1;5;0;9;5;2012;5
68200;5,1;5,1;5;0;8;5;2012;5,1
46180;5,1;5,1;5;0;7;5;2012;5,1
19300;5,1;5,1;5;0;6;5;2012;5,1
18840;5,1;5,1;5;0;5;5;2012;5,1
55770;4,9;5;4,9;0;30;4;2012;4,9
25870;5,1;5,1;5;0;27;4;2012;5,1
57360;5,1;5,2;5;0;26;4;2012;5,1
35640;5,1;5,2;5;0;25;4;2012;5,1
46680;5,1;5,2;5,1;0;19;4;2012;5,1
31160;5;5;4,9;0;16;4;2012;4,9
33340;5;5;4,9;0;15;4;2012;5
63890;4,9;5;4,9;0;14;4;2012;5
93110;4,9;4,9;4,7;0;13;4;2012;4,9
46370;4,9;4,9;4,8;0;12;4;2012;4,9
53100;4,9;4,9;4,8;0;10;4;2012;4,8
58210;4,9;5;4,9;0;6;4;2012;4,9
33810;4,9;4,9;4,9;0;5;4;2012;4,9
51040;4,9;5;4,9;0;4;4;2012;4,9
78480;5;5;4,8;0;3;4;2012;4,9
35530;4,9;4,9;4,8;0;31;3;2012;4,9
37980;4,8;4,9;4,7;0;29;3;2012;4,8
38020;4,8;4,8;4,7;0;28;3;2012;4,8
39070;4,7;4,7;4,6;0;24;3;2012;4,7
54130;4,7;4,8;4,6;0;23;3;2012;4,7
46440;4,8;4,9;4,8;0;21;3;2012;4,8
32720;5,3;5,4;5,3;0;16;3;2012;5,3
22050;4,9;4,9;4,9;0;12;3;2012;4,9
28070;4,9;4,9;4,8;0;10;3;2012;4,8
58090;4,9;5;4,8;0;8;3;2012;4,9
46170;5;5,1;4,8;0;7;3;2012;4,9
44530;5;5,1;4,9;0;6;3;2012;5
26540;4,9;4,9;4,8;0;29;2;2012;4,9
29370;4,9;5;4,9;0;27;2;2012;5
89830;5;5,1;4,8;0;24;2;2012;5
37300;4,4;4,5;4,3;0;20;2;2012;4,4
54550;6,1;6,2;5,8;0;2;2;2012;6,1
48300;5,5;5,7;5,4;0;31;1;2012;5,5
110210;6,3;6,9;6;0;10;1;2012;6,4
53070;4,2;4,3;4,1;0;29;12;2011;4,2
14930;4;4;3,9;0;24;12;2011;3,9
57210;3,9;4;3,5;0;22;12;2011;3,9
10790;3,2;3,2;3,2;0;18;12;2011;3,2
16480;3,2;3,2;3,2;0;17;12;2011;3,2
29870;3,2;3,2;3,2;0;16;12;2011;3,2
30090;3,2;3,2;3,1;0;15;12;2011;3,2
34390;3;3;2,9;0;9;12;2011;3
39930;3;3;2,9;0;8;12;2011;3
58120;3;3,1;2,9;0;7;12;2011;3
95220;2,8;2,9;2,6;0;4;12;2011;2,8
22730;2,5;2,5;2,4;0;27;11;2011;2,5
36120;2,5;2,5;2,4;0;26;11;2011;2,5
40000;2,3;2,4;2,3;0;23;11;2011;2,3
34210;2,3;2,3;2,3;0;22;11;2011;2,3
79730;2,2;2,5;2,2;0;20;11;2011;2,2
9630;3;3;3;0;13;11;2011;3
20380;3,1;3,1;3;0;12;11;2011;3
60340;3;3,2;3;0;8;11;2011;3
23990;3;3;3;0;7;11;2011;3
17230;3;3;2,9;0;6;11;2011;3
39510;3,2;3,2;3;0;4;11;2011;3,1
30980;3,3;3,3;3,1;0;31;10;2011;3,3
29400;2,8;2,8;2,7;0;26;10;2011;2,8
37040;3,2;3,2;3;0;23;10;2011;3,2
16860;4,1;4,2;4;0;10;10;2011;4,1
17290;5;5;4,9;0;3;10;2011;5
10460;5;5,1;4,9;0;2;10;2011;5
14090;4,8;4,8;4,7;0;29;9;2011;4,8
31650;4,8;5;4,6;0;16;9;2011;4,8
11900;8,2;8,4;8,1;0;1;9;2011;8,2
12780;10,9;11,3;10,8;0;23;8;2011;10,9
22900;11;11,1;10,7;0;17;8;2011;10,9
41590;9,5;9,8;8,9;0;12;8;2011;9,5
24250;10;10,4;9,5;0;10;8;2011;10
6100;13,5;13,6;13,4;0;30;7;2011;13,5
7260;13,5;13,7;13,3;0;29;7;2011;13,5
22460;13,7;13,8;13,5;0;23;7;2011;13,7
17660;13,9;14,1;13,7;0;14;7;2011;14
54470;14,8;15,9;14,5;0;7;7;2011;14,8
16790;15,4;15,7;15,3;0;3;7;2011;15,4
19450;15,4;15,8;15,3;0;2;7;2011;15,4
17280;3,4;3,6;3,3;0;4;5;2011;3,4
12560;1,2;1,2;1,1;0;19;4;2011;1,2
27480;1,1;1,2;1,1;0;18;4;2011;1,2
50310;1;1,1;0,9;0;15;4;2011;1
14650;0,7;0,8;0,7;0;11;4;2011;0,8
5350;0,7;0,8;0,7;0;10;4;2011;0,7
12120;0,8;0,8;0,7;0;9;4;2011;0,7
18210;0,8;0,8;0,7;0;8;4;2011;0,8
10830;0,7;0,8;0,7;0;7;4;2011;0,8
8700;0,7;0,8;0,7;0;6;4;2011;0,7
9730;0,7;0,7;0,6;0;5;4;2011;0,7
3930;0,8;0,8;0,8;0;3;4;2011;0,8
2490;0,8;0,8;0,8;0;2;4;2011;0,8
3190;0,8;0,8;0,8;0;1;4;2011;0,8
6880;0,8;0,8;0,8;0;31;3;2011;0,8
3220;0,8;0,8;0,8;0;30;3;2011;0,8
4220;0,8;0,8;0,8;0;29;3;2011;0,8
12570;0,8;0,9;0,8;0;28;3;2011;0,8
5340;0,9;0,9;0,8;0;27;3;2011;0,8
11760;0,9;0,9;0,8;0;26;3;2011;0,9
4820;0,9;0,9;0,9;0;25;3;2011;0,9
14010;0,8;0,9;0,8;0;24;3;2011;0,9
13260;0,8;0,9;0,8;0;23;3;2011;0,8
3700;0,7;0,8;0,7;0;21;3;2011;0,8
5820;0,8;0,8;0,7;0;20;3;2011;0,7
14230;0,8;0,9;0,7;0;18;3;2011;0,8
7160;0,9;0,9;0,8;0;17;3;2011;0,8
7930;0,9;0,9;0,8;0;16;3;2011;0,9
2730;0,9;0,9;0,9;0;15;3;2011;0,9
5270;0,9;0,9;0,9;0;14;3;2011;0,9
660;0,9;0,9;0,9;0;13;3;2011;0,9
4820;0,9;0,9;0,9;0;12;3;2011;0,9
4550;0,9;0,9;0,9;0;9;3;2011;0,9
4530;0,9;0,9;0,9;0;8;3;2011;0,9
15270;0,9;0,9;0,8;0;7;3;2011;0,9
12630;0,9;0,9;0,8;0;6;3;2011;0,9
12570;0,9;0,9;0,8;0;5;3;2011;0,9
2710;0,9;0,9;0,9;0;4;3;2011;0,9
2750;0,9;0,9;0,9;0;3;3;2011;0,9
2740;0,9;0,9;0,9;0;2;3;2011;0,9
4650;0,9;0,9;0,8;0;28;2;2011;0,9
4740;0,9;1;0,9;0;26;2;2011;1
6720;0,9;0,9;0,9;0;23;2;2011;0,9
12100;0,8;0,9;0,8;0;22;2;2011;0,9
1700;0,9;0,9;0,8;0;21;2;2011;0,8
4010;1;1;1;0;17;2;2011;1
7190;1;1;1;0;16;2;2011;1
8620;1,1;1,1;1;0;15;2;2011;1
7100;1;1,1;1;0;14;2;2011;1,1
3240;1,1;1,1;1;0;13;2;2011;1
4120;1,1;1,1;1;0;12;2;2011;1,1
7020;0,9;0,9;0,9;0;8;2;2011;0,9
2260;0,9;0,9;0,8;0;7;2;2011;0,9
8740;0,9;0,9;0,8;0;6;2;2011;0,9
8530;0,7;0,8;0,7;0;3;2;2011;0,7
5630;0,7;0,8;0,7;0;2;2;2011;0,7
63520;0,5;0,9;0,5;0;31;1;2011;0,5
10380;0,4;0,5;0,4;0;30;1;2011;0,5
1450;0,4;0,4;0,4;0;29;1;2011;0,4
5330;0,4;0,4;0,4;0;28;1;2011;0,4
27710;0,4;0,4;0,4;0;27;1;2011;0,4
15570;0,4;0,4;0,4;0;26;1;2011;0,4
2160;0,4;0,4;0,4;0;25;1;2011;0,4
11060;0,4;0,4;0,4;0;24;1;2011;0,4
1150;0,4;0,4;0,4;0;23;1;2011;0,4
10530;0,4;0,4;0,4;0;22;1;2011;0,4
8480;0,4;0,4;0,4;0;21;1;2011;0,4
7290;0,3;0,3;0,3;0;19;1;2011;0,3
15670;0,3;0,3;0,3;0;18;1;2011;0,3
18240;0,4;0,4;0,3;0;17;1;2011;0,3
2780;0,4;0,4;0,4;0;16;1;2011;0,4
1520;0,4;0,4;0,4;0;15;1;2011;0,4
20120;0,3;0,4;0,3;0;13;1;2011;0,3
31360;0,3;0,4;0,3;0;12;1;2011;0,3
4860;0,3;0,3;0,3;0;11;1;2011;0,3
10360;0,3;0,3;0,3;0;10;1;2011;0,3
1690;0,3;0,3;0,3;0;9;1;2011;0,3
1630;0,3;0,3;0,3;0;8;1;2011;0,3
42600;0,3;0,3;0,3;0;7;1;2011;0,3
3460;0,3;0,3;0,3;0;6;1;2011;0,3
360;0,3;0,3;0,3;0;5;1;2011;0,3
1880;0,3;0,3;0,3;0;4;1;2011;0,3
1430;0,3;0,3;0,3;0;3;1;2011;0,3
5350;0,3;0,3;0,3;0;2;1;2011;0,3
2820;0,3;0,3;0,3;0;1;1;2011;0,3
1450;0,3;0,3;0,3;0;31;12;2010;0,3
2540;0,3;0,3;0,3;0;30;12;2010;0,3
18610;0,3;0,3;0,3;0;29;12;2010;0,3
15440;0,3;0,3;0,3;0;28;12;2010;0,3
4940;0,3;0,3;0,3;0;27;12;2010;0,3
16590;0,2;0,3;0,2;0;26;12;2010;0,3
700;0,2;0,3;0,2;0;25;12;2010;0,2
5030;0,3;0,3;0,2;0;24;12;2010;0,2
8650;0,3;0,3;0,2;0;23;12;2010;0,3
3800;0,2;0,3;0,2;0;22;12;2010;0,3
9230;0,3;0,3;0,2;0;21;12;2010;0,2
10680;0,2;0,3;0,2;0;20;12;2010;0,3
2000;0,2;0,2;0,2;0;19;12;2010;0,2
170;0,2;0,2;0,2;0;18;12;2010;0,2
530;0,3;0,2;0,2;0;17;12;2010;0,2
14360;0,2;0,3;0,2;0;16;12;2010;0,3
3690;0,2;0,2;0,2;0;15;12;2010;0,2
10390;0,2;0,2;0,2;0;14;12;2010;0,2
6420;0,2;0,2;0,2;0;13;12;2010;0,2
1960;0,2;0,2;0,2;0;12;12;2010;0,2
5790;0,2;0,2;0,2;0;11;12;2010;0,2
1680;0,2;0,2;0,2;0;10;12;2010;0,2
21340;0,2;0,2;0,2;0;9;12;2010;0,2
3430;0,2;0,2;0,2;0;8;12;2010;0,2
24590;0,2;0,2;0,2;0;7;12;2010;0,2
4320;0,2;0,2;0,2;0;6;12;2010;0,2
5740;0,2;0,2;0,2;0;5;12;2010;0,2
28560;0,3;0,3;0,2;0;4;12;2010;0,2
2570;0,3;0,3;0,2;0;3;12;2010;0,3
20310;0,2;0,3;0,2;0;2;12;2010;0,3
8160;0,2;0,2;0,2;0;1;12;2010;0,2
21480;0,2;0,2;0,2;0;30;11;2010;0,2
35060;0,3;0,3;0,2;0;29;11;2010;0,2
20800;0,3;0,3;0,3;0;28;11;2010;0,3
1830;0,3;0,3;0,3;0;27;11;2010;0,3
33530;0,3;0,3;0,3;0;26;11;2010;0,3
1680;0,3;0,3;0,3;0;25;11;2010;0,3
2520;0,3;0,3;0,3;0;24;11;2010;0,3
4860;0,3;0,3;0,3;0;23;11;2010;0,3
28210;0,3;0,3;0,3;0;22;11;2010;0,3
770;0,3;0,3;0,3;0;21;11;2010;0,3
14650;0,3;0,3;0,3;0;20;11;2010;0,3
2160;0,3;0,3;0,3;0;19;11;2010;0,3
37450;0,2;0,3;0,2;0;18;11;2010;0,3
32870;0,2;0,3;0,2;0;17;11;2010;0,2
33930;0,3;0,3;0,2;0;16;11;2010;0,2
8510;0,3;0,3;0,3;0;15;11;2010;0,3
16840;0,3;0,3;0,3;0;14;11;2010;0,3
21920;0,3;0,3;0,3;0;13;11;2010;0,3
40720;0,2;0,3;0,2;0;12;11;2010;0,3
5030;0,2;0,2;0,2;0;11;11;2010;0,2
47980;0,2;0,3;0,2;0;9;11;2010;0,2
77220;0,4;0,5;0,3;0;7;11;2010;0,3
36620;0,2;0,3;0,2;0;5;11;2010;0,3
29700;0,2;0,2;0,2;0;4;11;2010;0,2
5850;0,2;0,2;0,2;0;2;11;2010;0,2
21260;0,2;0,2;0,2;0;1;11;2010;0,2
40340;0,2;0,2;0,2;0;31;10;2010;0,2
26710;0,2;0,2;0,2;0;30;10;2010;0,2
28690;0,2;0,2;0,2;0;29;10;2010;0,2
21530;0,2;0,2;0,2;0;28;10;2010;0,2
65610;0,2;0,2;0,2;0;27;10;2010;0,2
;17,5;17,5;17,5;0;25;6;2011;17,5
;17,5;17,5;17,5;0;24;6;2011;17,5
;17,5;17,5;17,5;0;23;6;2011;17,5
;17,5;17,5;17,5;0;22;6;2011;17,5
;17,5;17,5;17,5;0;21;6;2011;17,5
;17,5;17,5;17,5;0;20;6;2011;17,5
86850;45293,3;47710,2;45254,2;0,0497;9;2;2024;47545,4
66380;44346,2;45579,2;44336,4;0,0215;8;2;2024;45293,3
48570;43088,4;44367,9;42783,5;0,0291;7;2;2024;44339,8
33320;42697,6;43375,5;42566,8;0,0091;6;2;2024;43087,7
39260;42581,4;43532,2;42272,5;0,0027;5;2;2024;42697,2
20330;43006,2;43113,2;42379,4;-0,0099;4;2;2024;42581,4
14570;43194,7;43370,4;42882;-0,0044;3;2;2024;43005,7
42650;43083,7;43459,3;42596,3;0,0026;2;2;2024;43194,7
47690;42580,1;43263,1;41890,5;0,0118;1;2;2024;43081,4
275100;23494;23595;23033,8;-0,0155;28;2;2023;23130,5
297650;23558,7;23876,2;23166,8;-0,0027;27;2;2023;23494,1
209120;23166,1;23671,8;23066;0,0169;26;2;2023;23558,7
198350;23191,3;23215,3;22777,4;-0,0011;25;2;2023;23166,1
367990;23936,4;24123,4;22970,3;-0,0311;24;2;2023;23191,5
417460;24186,6;24590,4;23637,9;-0,0103;23;2;2023;23936,3
400240;24450,7;24474,3;23593,4;-0,0108;22;2;2023;24186,6
395970;24839,5;25236,8;24160,8;-0,0157;21;2;2023;24450,7
363020;24302,8;25085,4;23868,6;0,0221;20;2;2023;24839,5
312640;24631,3;25175,2;24273,7;-0,0133;19;2;2023;24302,9
223770;24573,5;24838,9;24457;0,0024;18;2;2023;24631,4
523850;23538,2;24984,7;23373;0,0439;17;2;2023;24573,5
484500;24328,1;25233,8;23525,9;-0,0324;16;2;2023;23539,6
401530;22198,5;24330,9;22050,8;0,0959;15;2;2023;24327,9
378390;21776,9;22308,6;21556,2;0,0196;14;2;2023;22198,5
312040;21782,7;21887,5;21418,7;-0,0007;13;2;2023;21772,6
211650;21859,9;22080,7;21653,1;-0,0033;12;2;2023;21786,8
182070;21627,4;21902,9;21605,3;0,0104;11;2;2023;21859,8
352790;21792,5;21933,6;21491,7;-0,0072;10;2;2023;21635
425440;22964,6;23003,6;21744,6;-0,051;9;2;2023;21792,5
289120;23251,7;23425,1;22691,7;-0,0123;8;2;2023;22964,6
318980;22761,8;23338,8;22748,2;0,0215;7;2;2023;23251,7
278580;22936;23130,6;22633,7;-0,0076;6;2;2023;22761,8
217260;23326,9;23423,4;22766,5;-0,0166;5;2;2023;22936
170270;23431,2;23571,8;23269,8;-0,0046;4;2;2023;23323,8
349360;23429,1;23694,1;23233,8;0,0002;3;2;2023;23431,2
382860;23726,2;24207,2;23398,1;-0,0126;2;2;2023;23427,6
333180;23124,7;23784,5;22809,6;0,026;1;2;2023;23725,6
108070;37707,2;43977,8;37458,9;0,1459;28;2;2022;43188,2
66140;39116,6;39838,5;37062,3;-0,0365;27;2;2022;37689,1
41550;39221,6;40094,5;38639,1;-0,0024;26;2;2022;39115,5
83780;38339,2;39683,7;38042,6;0,0227;25;2;2022;39209,6
180470;37250,2;39351,6;34357,4;0,0299;24;2;2022;38339,2
64840;38248,2;39194,5;37099,5;-0,0268;23;2;2022;37224,6
82750;37018,3;38414,9;36399,6;0,0332;22;2;2022;38248,2
91820;38355;39444,1;36868,9;-0,0349;21;2;2022;37017,7
47920;40089,6;40120,3;38042,2;-0,0433;20;2;2022;38355
25780;40000,1;40434,3;39666,6;0,0023;19;2;2022;40090,3
64959,999999999993;40532,5;40935,5;39505;-0,0136;18;2;2022;40000,1
72630;43885,5;44167,1;40103,8;-0,0759;17;2;2022;40552,8
41400;44540,9;44552,9;43377,6;-0,0148;16;2;2022;43883,6
56340;42550,3;44722,6;42460,1;0,0469;15;2;2022;44544,4
53600;42061,1;42799,7;41591,3;0,0116;14;2;2022;42550,3
25880;42205,5;42725,1;41880,1;-0,0034;13;2;2022;42061,1
37880;42388,4;43006,4;41776,8;-0,0043;12;2;2022;42205,2
69950;43519,3;43915,1;42023,4;-0,026;11;2;2022;42388,4
89690;44388,9;45755,2;43242,5;-0,0196;10;2;2022;43521
50920;44038,2;44800,4;43163;0,008;9;2;2022;44388,9
92880;43833,9;45399,8;42705;0,0047;8;2;2022;44038,2
76600;42385,2;44468,3;41695,4;0,034;7;2;2022;43833,9
31200;41411,9;42614,8;41176,3;0,0237;6;2;2022;42392,2
46320;41566,5;41899,8;40963,3;-0,0037;5;2;2022;41412,1
95490;37287,8;41689;37041,1;0,1148;4;2;2022;41567,6
50350;36890,2;37304,3;36297,3;0,0108;3;2;2022;37287,8
53740;38711,2;38853,8;36682,3;-0,047;2;2;2022;36890,2
55200;38475,6;39230;38037,9;0,0055;1;2;2022;38709,7
135080;46136;46582;43100,6;-0,0211;28;2;2021;45164
98750;46333,1;48335,1;45059,4;-0,0045;27;2;2021;46136,7
189410;46928,5;48413,9;44248,2;-0,0124;26;2;2021;46345,6
83220;49695,9;52013,8;46773,7;-0,0557;25;2;2021;46928,5
153750;48911,1;51311,8;47031,7;0,0161;24;2;2021;49697,5
315070;54114,1;54115;45093,8;-0,0961;23;2;2021;48911,2
244950;57437,6;57480,8;48353,8;-0,0578;22;2;2021;54111,8
87260;55907,6;58335,1;55502,7;0,027;21;2;2021;57433,8
127850;55922;57523,8;54124,1;0,0003;20;2;2021;55923,7
139430;51590,1;56238,5;50816,8;0,0838;19;2;2021;55906,6
94350;52094,5;52524;50941,6;-0,0095;18;2;2021;51582,2
140030;49161,3;52577,7;49018,1;0,0592;17;2;2021;52079,2
141370;47934,2;50515,8;47044,4;0,0257;16;2;2021;49169,7
123180;48611,1;48936,5;45786,1;-0,0145;15;2;2021;47936,3
106500;47172,1;49695,1;47051,9;0,0313;14;2;2021;48643,4
89420;47373,1;48097,3;46270,5;-0,0043;13;2;2021;47168,7
133730;47995;48927,4;46218,6;-0,0129;12;2;2021;47371,7
145770;44834,8;48622,1;44041,1;0,0704;11;2;2021;47990,7
151830;46507,8;47295,3;43800,5;-0,036;10;2;2021;44836
193870;46396,4;48143,5;45104,7;0,0024;9;2;2021;46508,6
248470;38853,6;46596,4;38057;0,1941;8;2;2021;46395,7
125370;39228,9;39691,7;37381,6;-0,0103;7;2;2021;38852,9
156020;38300,6;40939,7;38275,3;0,025;6;2;2021;39256,6
100600;36976,4;38303,6;36640;0,0356;5;2;2021;38297,6
151440;37648,9;38707,9;36380,8;-0,0177;4;2;2021;36982,1
131030;35486,9;37646,8;35401,5;0,0609;3;2;2021;37646,8
120850;33514;35976,1;33462,4;0,0588;2;2;2021;35485,2
126320;33106,8;34685,6;32324,9;0,0123;1;2;2021;33515,7
683440;8697,1;8793,7;8539,8;-0,0177;29;2;2020;8543,7
937970;9662,6;9672,3;9269,8;-0,0357;25;2;2020;9317,2
980000;9943,2;9981;9507;-0,0282;24;2;2020;9662,7
775880;9655,6;9965,6;9653,4;0,0297;23;2;2020;9942,7
589880;9684,5;9706,5;9569,8;-0,003;22;2;2020;9655,7
716610;9602,2;9747,1;9574,5;0,0085;21;2;2020;9684,5
870800;9611,9;9681,4;9448,9;-0,0007;20;2;2020;9602,4
905950;10158,6;10230,9;9424,3;-0,054;19;2;2020;9609,4
945910;9701,5;10230,1;9601,6;0,0471;18;2;2020;10158,4
961880;9931,7;9951,5;9468,9;-0,0232;17;2;2020;9701,4
808910;9907,4;10056,4;9654,9;0,0025;16;2;2020;9932,3
808810;10336;10369,8;9831,7;-0,0412;15;2;2020;9907,7
732510;10235,5;10372,4;10125,2;0,0096;14;2;2020;10333
940300;10321,9;10482,6;10116,9;-0,008;13;2;2020;10235,1
803250;10229,3;10435,6;10229,3;0,0086;12;2;2020;10317,7
791280;9854;10314,1;9725,1;0,0381;11;2;2020;10229,5
781220;10151,5;10181,7;9774,8;-0,0293;10;2;2020;9854,1
617350;9895,4;10157,1;9882,7;0,0259;9;2;2020;10151,5
551310;9817,3;9931,2;9673,2;0,0078;8;2;2020;9895,5
608960;9771,9;9872,5;9738,7;0,0048;7;2;2020;9818,6
778670;9611,8;9854,9;9536,1;0,0167;6;2;2020;9772
771460;9194,1;9726,8;9179,9;0,0454;5;2;2020;9611,8
651680;9296,5;9347,5;9193,9;-0,011;4;2;2020;9193,9
701390;9334,6;9582,8;9243,1;-0,0041;3;2;2020;9296,6
683370;9381,5;9465,4;9183,1;-0,005;2;2;2020;9334,9
458420;9349,3;9458,8;9301,5;0,0035;1;2;2020;9381,6
765870;3755,7;3870,7;3753,8;0,0209;25;2;2019;3833,7
977780;4120,5;4194,2;3738,7;-0,0886;24;2;2019;3755,2
727850;3965,2;4152,6;3939,4;0,0391;23;2;2019;4120,4
649550;3937,4;3983,1;3931,7;0,0073;22;2;2019;3965,2
668160;3972;4011,5;3909,2;-0,009;21;2;2019;3936,6
698010;3914,3;3983,6;3881,2;0,0148;20;2;2019;3972,4
933150;3664,2;3903,7;3655,1;0,0633;18;2;2019;3896
580510;3616,8;3689,9;3607,9;0,0131;17;2;2019;3664,2
485630;3604,7;3641,9;3599,7;0,0034;16;2;2019;3616,8
516210,00000000006;3592,6;3648,3;3581,4;0,0034;15;2;2019;3604,7
498140;3611,5;3624,5;3580,2;-0,0052;14;2;2019;3592,6
558020;3632;3663,5;3599,2;-0,0056;13;2;2019;3611,5
545820;3631,8;3656,4;3594,4;0,0001;12;2;2019;3632
517280;3678,8;3681,1;3623,8;-0,0128;11;2;2019;3631,8
501900;3661;3680,6;3617,1;0,0048;10;2;2019;3679
454800;3661,6;3675,3;3633,2;-0,0001;9;2;2019;3661,4
699230;3397,3;3721,1;3382,5;0,0777;8;2;2019;3661,7
471360;3404,9;3421,8;3390,3;-0,002;7;2;2019;3397,7
514210,00000000006;3468,5;3478;3383,9;-0,0185;6;2;2019;3404,3
460950;3463;3485,9;3450,3;0,0016;5;2;2019;3468,4
503920;3459;3479,7;3437,1;0,0011;4;2;2019;3462,8
451660;3502,3;3507,8;3431,3;-0,0124;3;2;2019;3459,1
443600;3467,9;3514,5;3447,8;0,01;2;2;2019;3502,5
481580;3437,7;3485,7;3415,3;0,009;1;2;2019;3467,9
215220;10584,4;11070,7;10303,4;-0,0246;28;2;2018;10333,9
202580;10287,8;10867,2;10120,5;0,0301;27;2;2018;10594,4
235940;9590,9;10378,4;9410,3;0,073;26;2;2018;10285,1
196490;9703,1;9860,3;9330,1;-0,0123;25;2;2018;9585,2
239160;10163,8;10506,1;9394,5;-0,0458;24;2;2018;9704,3
271500;9840,6;10419,1;9597,8;0,0334;23;2;2018;10170,4
316630;10470,1;10930,2;9743,9;-0,0603;22;2;2018;9841,7
327140;11240,9;11289,7;10252,2;-0,0681;21;2;2018;10473
267560;11169,7;11791,5;11119,9;0,0062;20;2;2018;11238,7
215200;10396,6;11250,5;10324,8;0,0741;19;2;2018;11169,4
288910;11073,7;11271,6;10137,2;-0,0609;18;2;2018;10398,8
224760;10177,3;11095,9;10070,9;0,0879;17;2;2018;11073,5
206440;10031,3;10294,3;9707,7;0,0141;16;2;2018;10178,7
291280;9475,6;10206,8;9348,5;0,0592;15;2;2018;10037,3
246880;8542,6;9500;8541,6;0,1097;14;2;2018;9476,3
195870;8906,2;8942,7;8378;-0,0409;13;2;2018;8539,2
238670;8083,6;8984,9;8083,6;0,1017;12;2;2018;8903,5
236200;8559,7;8564,2;7843,7;-0,0558;11;2;2018;8081,9
263530;8697,3;9066,6;8172,2;-0,0161;10;2;2018;8559,6
233940;8163,6;8735,6;7784,6;0,0656;9;2;2018;8699,8
296100;7595,1;8489,9;7595,1;0,075;8;2;2018;8164,2
445620;7693,8;8536,5;7196,6;-0,0138;7;2;2018;7594,7
886880;6939,3;7896,2;5996,6;0,1099;6;2;2018;7701,2
593890;8220,8;8383,2;6651,9;-0,1561;5;2;2018;6938,5
280940;9241,5;9382,1;7932,1;-0,1103;4;2;2018;8222,2
248710;8894,4;9506,9;8249,3;0,0391;3;2;2018;9241,1
519400;9179,8;9201,4;7915,8;-0,0314;2;2;2018;8893,2
358400;10266,2;10303;8789,2;-0,1056;1;2;2018;9181,1
50580;1188,8;1208,2;1175,8;0,0004;28;2;2017;1189,3
35470;1171,6;1195,8;1164,3;0,0147;27;2;2017;1188,8
30770;1149,1;1177,5;1130,6;0,0196;26;2;2017;1171,6
45860;1176,5;1180;1116,2;-0,0233;25;2;2017;1149,1
108170;1171,9;1211,7;1092,4;0,0039;24;2;2017;1176,5
65740;1120,5;1181,6;1113,5;0,0459;23;2;2017;1171,9
47910;1119;1132,3;1094,8;0,0013;22;2;2017;1120,5
57050;1077,6;1123;1073,5;0,0385;21;2;2017;1119
31010;1048,9;1081,8;1041;0,0273;20;2;2017;1077,6
17950;1052,3;1056,5;1037,7;-0,0032;19;2;2017;1048,9
25360;1049,4;1063,2;1044,7;0,0027;18;2;2017;1052,3
45710;1031,9;1057,4;1025,9;0,0169;17;2;2017;1049,4
38080;1008,2;1040,3;1007,4;0,0235;16;2;2017;1031,9
23360;1008,3;1010,9;999,7;-0,0001;15;2;2017;1008,2
39540;995,4;1013,8;986,5;0,013;14;2;2017;1008,3
32910;996,5;1007,6;975,1;-0,0012;13;2;2017;995,4
14750;1008,3;1007,8;992,5;-0,0117;12;2;2017;996,5
28320;997,6;1014,3;983,9;0,0107;11;2;2017;1008,3
62130;979;1005,6;947;0,0191;10;2;2017;997,6
146750;1055,5;1073;924,7;-0,0725;9;2;2017;979
65150,000000000007;1049,6;1069,2;1020,3;0,0056;8;2;2017;1055,5
39550;1024,7;1054,1;1019,9;0,0243;7;2;2017;1049,6
32020,000000000004;1016,1;1030,6;1010,8;0,0084;6;2;2017;1024,7
31060;1031,8;1033,7;1004;-0,0153;5;2;2017;1016,1
39460;1013;1041;1000,4;0,0186;4;2;2017;1031,8
61670;1004;1023,7;989,2;0,009;3;2;2017;1013
50860;982,4;1009,1;973,5;0,0219;2;2;2017;1004
45220;965,5;986,6;959,8;0,0175;1;2;2017;982,4
68770;432,5;441,3;429,8;0,0086;29;2;2016;436,2
50850;431,3;435,6;421,2;0,0027;28;2;2016;432,5
42790;427,3;434,1;427,3;0,0093;27;2;2016;431,3
53210;423,5;427,6;419,1;0,0091;26;2;2016;427,3
53540;422,7;427,2;417,5;0,0018;25;2;2016;423,5
66510;419,9;425,2;410,4;0,0067;24;2;2016;422,7
93720;437,8;440,8;414,4;-0,0409;23;2;2016;419,9
56010;437,9;440,2;431,3;-0,0002;22;2;2016;437,8
100500;440,1;447,6;425,5;-0,005;21;2;2016;437,9
111630;420;442,7;419,5;0,0478;20;2;2016;440,1
52240;421,4;424,3;416,4;-0,0034;19;2;2016;420
77350;417,1;425,5;414,8;0,0102;18;2;2016;421,4
90320;406,4;421,5;405;0,0264;17;2;2016;417,1
68330;401,1;409,8;398;0,0133;16;2;2016;406,4
86130;405,5;410,9;396,6;-0,0109;15;2;2016;401,1
73590;390,1;405,9;390,1;0,0395;14;2;2016;405,5
48160;384;392,6;383,3;0,0158;13;2;2016;390,1
53760;379,5;386,4;379,3;0,0121;12;2;2016;384
62650;381,9;383,2;372,8;-0,0064;11;2;2016;379,5
97490;375,3;385,4;374,1;0,0175;10;2;2016;381,9
55360;372,6;377,6;371,4;0,0072;9;2;2016;375,3
62240;377,9;380,9;372,1;-0,014;8;2;2016;372,6
40740;376,7;382,6;375,3;0,0033;7;2;2016;377,9
78850;386,5;386,4;372,9;-0,0253;6;2;2016;376,7
60920;390,6;391,1;384,5;-0,0107;5;2;2016;386,5
101870;368;391,8;368;0,0615;4;2;2016;390,6
59810;373,9;375,9;366,2;-0,0158;3;2;2016;368
50980;372,2;376,6;371,4;0,0047;2;2;2016;373,9
74350;369,8;379,8;365,3;0,0063;1;2;2016;372,2
39410;253,5;255,4;248,7;0,0023;28;2;2015;254,1
167810;236,5;258,7;235,7;0,0716;27;2;2015;253,5
50870;237,3;238,2;233,5;-0,0034;26;2;2015;236,5
38100;238,9;239,6;234,6;-0,0065;25;2;2015;237,3
45030;238,8;240,3;235,5;0,0003;24;2;2015;238,9
62670;235,7;240,1;231,3;0,0131;23;2;2015;238,8
75700;244,4;246,5;232,7;-0,0355;22;2;2015;235,7
42950;244,5;247,3;242,6;-0,0004;21;2;2015;244,4
83590;241,9;247,8;238,8;0,0107;20;2;2015;244,5
66050;235,2;244,1;234,9;0,0286;19;2;2015;241,9
99660;243,2;245,5;231,7;-0,0329;18;2;2015;235,2
116260;235,8;247,2;232;0,0313;17;2;2015;243,2
115470;233,3;240;228;0,011;16;2;2015;235,8
179140;258,6;264,6;226,6;-0,0981;15;2;2015;233,3
133800;236,2;261,3;235,4;0,0951;14;2;2015;258,6
112250;221,8;241,6;220,6;0,0648;13;2;2015;236,2
50110;218,8;223;217,3;0,0135;12;2;2015;221,8
71730;219,7;223,5;217,3;-0,0038;11;2;2015;218,8
86150;220,3;222,2;214,4;-0,003;10;2;2015;219,7
91690;223,7;225;215,7;-0,0149;9;2;2015;220,3
29050;227,7;230,2;219,5;-0,0176;8;2;2015;223,7
39760;223;231;222,4;0,0212;7;2;2015;227,7
52520;216,5;226,2;215,6;0,0297;6;2;2015;223
40640;226,6;229,9;214,4;-0,0444;5;2;2015;216,5
55240;227,4;230,7;220,2;-0,0036;4;2;2015;226,6
63080;238,9;247,5;223,9;-0,0479;3;2;2015;227,4
39020;225,3;242,5;220,5;0,0602;2;2;2015;238,9
41160;218,5;231,4;209,7;0,031;1;2;2015;225,3
510;596,5;599;570;-0,0378;28;2;2014;573,9
500;593,1;629,9;580,5;0,0056;27;2;2014;596,5
600;135,8;650;522,8;3,3684;26;2;2014;593,1
30430;174;174,6;102,3;-0,2197;25;2;2014;135,8
95120;310,2;316,9;131,9;-0,439;24;2;2014;174
38550;255,6;349,1;220,3;0,2135;23;2;2014;310,2
72170;111,6;290,6;96,7;1,2911;22;2;2014;255,6
82590;111,9;160,1;91,7;-0,0032;21;2;2014;111,6
102180;261,5;271,6;109,2;-0,5721;20;2;2014;111,9
31500;294;308,6;257,2;-0,1103;19;2;2014;261,5
48880;272,3;370,1;248,3;0,0796;18;2;2014;294
51440;299,8;411,2;263,4;-0,0918;17;2;2014;272,3
86180;371,1;540;220,4;-0,1921;16;2;2014;299,8
50620;427,7;447,9;310,1;-0,1324;15;2;2014;371,1
65820;451,4;500;302,2;-0,0526;14;2;2014;427,7
28940;531,1;549,2;451,3;-0,15;13;2;2014;451,4
21300;579;585,1;511,9;-0,0826;12;2;2014;531,1
16730;582,6;609,7;550,2;-0,0063;11;2;2014;579
40130;659,6;700;500;-0,1167;10;2;2014;582,6
19890;648,8;694,1;622,5;0,0166;9;2;2014;659,6
22880;695,7;719,3;632,1;-0,0674;8;2;2014;648,8
49910;828,9;833,1;651,7;-0,1607;7;2;2014;695,7
18600;904,5;908,8;800,9;-0,0836;6;2;2014;828,9
7560;926,6;939,8;890;-0,0239;5;2;2014;904,5
4610;931,7;949,1;900,8;-0,0054;4;2;2014;926,6
2790;953,3;959,6;931,7;-0,0227;3;2;2014;931,7
1580;940,4;959,4;934,4;0,0137;2;2;2014;953,3
4370;938,8;969,2;927,8;0,0017;1;2;2014;940,4
126520;30,9;34,5;30,9;0,0803;28;2;2013;33,4
30470;31,1;31,6;30,8;-0,0064;27;2;2013;30,9
42860;30,4;31,7;30,1;0,023;26;2;2013;31,1
26780;29,9;30,4;29,5;0,0171;25;2;2013;30,4
24280;29,8;30,4;29,2;0,003;24;2;2013;29,9
72280;30,3;30,7;28;-0,0149;23;2;2013;29,8
66950;29,8;31,3;29,7;0,0168;22;2;2013;30,3
34730;29,6;30;29,3;0,0034;21;2;2013;29,8
37210;29,4;29,9;29;0,0078;20;2;2013;29,6
99700;27;29,6;26,8;0,0917;19;2;2013;29,4
29740;26,8;27,1;26,4;0,0052;18;2;2013;27
77040;27,2;27,4;25;-0,0151;17;2;2013;26,8
18830;27,1;27,5;26,8;0,0044;16;2;2013;27,2
51710;27,2;27,5;26,1;-0,0044;15;2;2013;27,1
145740;24,2;27,6;21,7;0,1248;14;2;2013;27,2
90150;25,2;26,3;24,2;-0,0385;13;2;2013;24,2
74240;24,6;25,8;24,3;0,0211;12;2;2013;25,2
29530;24;24,7;23,6;0,0284;11;2;2013;24,6
56430;23,6;24,1;22,7;0,0135;10;2;2013;24
38130;22,7;24;22,6;0,0437;9;2;2013;23,6
48650;22,1;22,8;22;0,023;8;2;2013;22,7
64260,000000000007;21,2;22,2;20,8;0,0458;7;2;2013;22,1
51990;20,6;21,3;20,6;0,0282;6;2;2013;21,2
29210;20,4;20,8;20,2;0,0083;5;2;2013;20,6
52220;20,6;21;19,9;-0,0078;4;2;2013;20,4
34240;19,6;20,9;19,4;0,0489;3;2;2013;20,6
80500;20,5;20,5;18;-0,0424;2;2;2013;19,6
49920;20,4;21,1;20,3;0,0044;1;2;2013;20,5
62690;5;5;4,7;-0,0181;28;2;2012;4,9
70040;4,8;5,1;4,8;0,0314;26;2;2012;4,9
86160;5;5,1;4,7;-0,0517;25;2;2012;4,8
164310;4,4;5,2;4,4;0,1335;23;2;2012;5
103840;4,3;4,5;4,3;0,0351;22;2;2012;4,4
51790;4,4;4,4;4,2;-0,0206;21;2;2012;4,3
62370;4,2;4,5;4,2;0,0403;19;2;2012;4,4
70410;4,4;4,5;4,1;-0,0431;18;2;2012;4,2
135950;4,3;4,8;4,2;0,0328;17;2;2012;4,4
166600;4,3;4,4;3,9;-0,0139;16;2;2012;4,3
161800;4,5;4,9;4,2;-0,0291;15;2;2012;4,3
297570;5,3;5,4;4,2;-0,1521;14;2;2012;4,5
170210;5,5;5,7;5,2;-0,0454;13;2;2012;5,3
81920;5,6;5,8;5,4;-0,0161;12;2;2012;5,5
69710;5,9;6;5,5;-0,0525;11;2;2012;5,6
39310;5,8;6;5,8;0,0137;10;2;2012;5,9
89950;5,6;5,9;5,5;0,0411;9;2;2012;5,8
237940;5,7;5,8;5,3;-0,0158;8;2;2012;5,6
72750;5,4;5,8;5,4;0,044;7;2;2012;5,7
90260;5,7;5,7;5,4;-0,0422;6;2;2012;5,4
120340;5,9;5,9;5,4;-0,0307;5;2;2012;5,7
20620;6;6;5,8;-0,0151;4;2;2012;5,9
59280;6,1;6,1;5,7;-0,023;3;2;2012;6
115520;5,5;6,2;5,5;0,1095;1;2;2012;6,1
23270;1;1;0,9;-0,071;27;2;2011;0,9
4460;1;1;0,9;-0,0865;25;2;2011;0,9
13420;0,9;1;0,9;0,1082;24;2;2011;1
9970;0,9;0,9;0,8;-0,1043;20;2;2011;0,9
3800;0,9;1;0,8;0,0557;19;2;2011;0,9
36950;1;1;0,8;-0,1357;18;2;2011;0,9
13300;1;1,1;0,9;0,0915;11;2;2011;1,1
26560;1,1;1,1;0,8;-0,1006;10;2;2011;1
49630;0,9;1,1;0,8;0,1874;9;2;2011;1,1
15790;0,8;0,9;0,8;0,1344;5;2;2011;0,9
42220;0,7;0,9;0,7;0,1754;4;2;2011;0,8
31560;0,5;0,9;0,5;0,3462;1;2;2011;0,7
1080000;8820,1;8898,7;8451,9;-0,0137;28;2;2020;8697,5
1130000;8800,1;8968,3;8538,5;0,0021;27;2;2020;8818,6
1320000;9317,1;9368,1;8672;-0,0555;26;2;2020;8800,3
2310000;3814,6;3883,7;3783,3;0,0005;28;2;2019;3816,6
2820000;3810,3;3836,4;3701,9;0,0011;27;2;2019;3814,6
2089999,9999999998;3833,5;3845,5;3775;-0,0061;26;2;2019;3810,3
1440000;3896,4;3993,8;3863,7;0,0047;19;2;2019;3914,3
47620;29235,1;29941,3;29095;0,0006;30;4;2023;29252,1
25720;29318,4;29425,5;29058,5;-0,003;29;4;2023;29234,1
69880;29475,9;29587,2;28927,8;-0,0052;28;4;2023;29321,8
121630;28424,5;29859,8;28392,4;0,037;27;4;2023;29475,9
164310;28298,8;29995,7;27307,8;0,0044;26;4;2023;28424,6
65310;27510,1;28375,6;27201,1;0,0287;25;4;2023;28298,8
66740;27591,4;27978,8;27054,3;-0,003;24;4;2023;27509,3
41770;27813,8;27815;27388,5;-0,008;23;4;2023;27591,4
44300;27264,8;27872;27165,7;0,0201;22;4;2023;27813,9
98720;28240,5;28353,4;27171,1;-0,0346;21;4;2023;27264,8
95450;28813,7;29082,1;28032,4;-0,0199;20;4;2023;28240,5
111270;30382,2;30408,4;28641,1;-0,0516;19;4;2023;28813,7
76580;29434,1;30470,1;29149,2;0,0322;18;4;2023;30382,2
71900;30310,8;30312,2;29274;-0,0289;17;4;2023;29434,9
34480;30299,2;30545,3;30134,6;0,0004;16;4;2023;30310,3
31710;30472,6;30586,5;30208,8;-0,0057;15;4;2023;30299,6
98380;30387,4;30964,9;30026;0,0028;14;4;2023;30472,5
65870;29892,4;30524,1;29864,5;0,0168;13;4;2023;30387,4
78690;30209,8;30473;29679,5;-0,0107;12;4;2023;29886,4
89380;29641;30484,6;29597,8;0,0192;11;4;2023;30209,6
85730;28326,5;29755,4;28182,9;0,0464;10;4;2023;29641
39350;27941,2;28522,7;27809,2;0,0138;9;4;2023;28326,6
23730;27910,4;28153,1;27863,8;0,0011;8;4;2023;27941,2
30940;28037,6;28102,5;27779,4;-0,0045;7;4;2023;27910,4
51290;28173,5;28173,5;27734,5;-0,0049;6;4;2023;28036,7
77320;28164,4;28744,4;27823,5;0,0003;5;4;2023;28173,5
64060;27802,2;28429,1;27668,9;0,013;4;4;2023;28164,4
98000;28194,7;28458,4;27256,9;-0,0141;3;4;2023;27802,1
45040;28456,1;28522,8;27871,7;-0,0091;2;4;2023;28198,3
38090;28473,7;28795,1;28285,6;-0,0006;1;4;2023;28456,1
103740;53562,3;57925,6;53088,7;0,0777;30;4;2021;57720,3
83900;54838,6;55173,7;52400;-0,0234;29;4;2021;53560,8
86960;55036;56419,9;53876,4;-0,0035;28;4;2021;54841,4
84080;54011,1;55427,8;53345;0,0188;27;4;2021;55036,5
129759,99999999999;48963,5;54320,9;48815,9;0,1033;26;4;2021;54020,5
59200;50088,2;50532,4;47098,5;-0,0225;25;4;2021;48963,6
82250;51140,8;51183;48775,2;-0,0206;24;4;2021;50088,9
214460;51707,1;52099,9;47659,4;-0,0113;23;4;2021;51143,6
168130;53821,3;55408,4;50590,9;-0,0388;22;4;2021;51729,5
100260;56479,5;56764,4;53657,6;-0,0471;21;4;2021;53820,2
115490;55645,1;57054,9;53422,5;0,015;20;4;2021;56483,2
117510;56208,1;57517;54272,3;-0,01;19;4;2021;55646,1
216810;60043,2;60362,1;51817,6;-0,0639;18;4;2021;56207,1
84080;61358,3;62509,1;59672,1;-0,0218;17;4;2021;60041,9
136850;63211,6;63518,5;60027,3;-0,029;16;4;2021;61379,7
76970;62978,6;63729,1;62067,5;0,0037;15;4;2021;63216
130430;63544,2;64778;61366,3;-0,0088;14;4;2021;62980,4
126560;59863,6;63659;59839,4;0,0614;13;4;2021;63540,9
81880;59982,1;61259,9;59569,2;-0,0019;12;4;2021;59863,8
58200;59772,4;60667,1;59250,3;0,0039;11;4;2021;59978,7
103720;58127,4;61229;57900;0,028;10;4;2021;59748,4
59220;58076,8;58890,9;57686;0,0007;9;4;2021;58118,7
64780;55948;58136,7;55721,6;0,038;8;4;2021;58077,4
110690;57996,3;58627,7;55489,3;-0,0353;7;4;2021;55948,7
77150;59169;59487;57403,3;-0,0169;6;4;2021;57996,3
54130;58202,3;59205,1;56842,7;0,0136;5;4;2021;58993,4
57210;57059,7;58464,8;56470,6;0,02;4;4;2021;58199,9
68740;58976,8;59770,5;56906,7;-0,0325;3;4;2021;57059,9
72370;58718,2;60134,9;58466,5;0,0044;2;4;2021;58977,3
69040;58763,2;59406,5;58040,7;-0,0008;1;4;2021;58718,3
808090;7766;7770,1;7655,3;-0,0025;28;4;2020;7746,9
980500;7679,4;7768,5;7637,7;0,0113;27;4;2020;7766
921590;7540,4;7679,4;7520,5;0,0184;26;4;2020;7678,9
861930;7503,9;7684,6;7451;0,0049;25;4;2020;7540,4
951950;7491,3;7583,5;7423,5;0,002;24;4;2020;7503,8
914180;6842,5;7137,4;6821,8;0,0395;22;4;2020;7112,9
892570;6833,4;6919,3;6774,3;0,0013;21;4;2020;6842,5
796450;7035,9;7259,4;7031,5;0,0277;18;4;2020;7230,8
810100;7085,5;7142,8;7005,8;-0,007;17;4;2020;7035,8
999530;6841,8;6970,8;6768,6;0,0014;14;4;2020;6850,9
845580;6862,7;6931,4;6765,1;0,0007;11;4;2020;6867,8
963550;7361,1;7361,1;7140,3;-0,0098;9;4;2020;7289
983940;7185,6;7396,1;7153,1;0,0245;8;4;2020;7361,2
842330;6857,5;6889,4;6686;-0,0123;5;4;2020;6772,7
697420;5235,4;5336,6;5195,9;0,0164;30;4;2019;5320,8
775820;5302,4;5322,9;5188,9;-0,0127;29;4;2019;5235
681410;5265,7;5332,5;5234,4;0,0069;28;4;2019;5302,3
833130;5298,2;5318,1;5225,4;-0,0061;27;4;2019;5265,9
955360;5415,6;5528,2;5137,4;-0,0381;25;4;2019;5209,1
994040;5511,2;5589,6;5346,8;-0,0174;24;4;2019;5415,6
900000;5346,5;5594,4;5291,4;0,0308;23;4;2019;5511,6
920770;5248,2;5370,2;5170,2;0,0197;22;4;2019;5346,7
811410;5290,2;5308,2;5189,8;-0,0088;21;4;2019;5243,5
782320;5241;5327;5240,2;0,0094;20;4;2019;5290,2
787090;5264,8;5282,4;5192,1;-0,0045;19;4;2019;5241
727970;5208,3;5293,1;5205;0,0108;18;4;2019;5264,7
806520;5182,1;5230,9;5165,5;0,0053;17;4;2019;5208,3
631050;5031,4;5198,4;5014,4;0,0295;16;4;2019;5180,9
688200;5135,1;5168;4964,2;-0,02;15;4;2019;5032,3
566380;5052;5153,5;5010,7;0,0164;14;4;2019;5134,8
577160;5054,2;5093,4;5011,6;-0,0005;13;4;2019;5051,8
779140;5022,7;5080,5;4889,2;0,0063;12;4;2019;5054,2
943490;5307,7;5337;4948;-0,0537;11;4;2019;5022,6
837510;5158,4;5404,1;5142,9;0,0289;10;4;2019;5307,8
784620;5245;5245,9;5095,2;-0,0165;9;4;2019;5158,4
928230;5173,5;5300,6;5060,5;0,0138;8;4;2019;5245,2
841270;5046,1;5219,5;5033,7;0,0253;7;4;2019;5173,6
952180;5010;5198,4;4947,9;0,0072;6;4;2019;5046,2
851720;4902,5;5029,4;4888,3;0,022;5;4;2019;5010,2
156830;9415,8;9456,7;9135,4;-0,018;30;4;2018;9245,1
184720;9352,2;9565,1;9182,8;0,0067;29;4;2018;9415,1
199780;8940,8;9428,9;8895,5;0,046;28;4;2018;9352,4
184910;9282,8;9386,3;8920,2;-0,0373;27;4;2018;8940,9
248390;8874,5;9303,6;8669,8;0,0467;26;4;2018;9287
395670;9645;9753,1;8768,1;-0,0801;25;4;2018;8873,1
260790,00000000003;8952,7;9734,8;8937;0,0773;24;4;2018;9645,3
147540;8809,3;9001;8785,3;0,0166;23;4;2018;8952,8
161890;8923,6;9022,3;8766,5;-0,013;22;4;2018;8806,7
206010;8867;9027,7;8614,5;0,0063;21;4;2018;8923,1
225960;8292,3;8926,2;8224,5;0,0695;20;4;2018;8867
155080;8179;8303,7;8126,7;0,0137;19;4;2018;8290,8
163260;7908,5;8227,6;7895,3;0,0341;18;4;2018;8178,4
162590;8070;8171,7;7852,8;-0,02;17;4;2018;7908,6
197700;8362,2;8412,9;7908,5;-0,0351;16;4;2018;8070
160260;8004,6;8411,5;8004,6;0,0449;15;4;2018;8363,6
164710;7891,1;8180,2;7839,3;0,0148;14;4;2018;8004,4
296950;7926,9;8228;7756,6;-0,0049;13;4;2018;7887,4
398300;6963,3;8009,6;6779,3;0,1385;12;4;2018;7926,6
142070;6855,6;6988,6;6818,4;0,0156;11;4;2018;6962,1
134230;6782,6;6899,5;6671,6;0,0108;10;4;2018;6854,8
241190;7035,7;7192,5;6633,2;-0,0354;9;4;2018;6781,9
132510;6905,9;7113,4;6903,9;0,0181;8;4;2018;7030,5
177100;6624,5;7071,9;6616,1;0,0425;7;4;2018;6905,7
174900;6783,7;6859,7;6523,4;-0,0233;6;4;2018;6624,3
221700;6808,7;6918,2;6592,5;-0,004;5;4;2018;6782
239510;7423,8;7432,9;6726,9;-0,0829;4;4;2018;6808,9
230800;7067,2;7519,3;7032,9;0,0503;3;4;2018;7424,2
199310;6825,4;7121,3;6787,6;0,0356;2;4;2018;7068,4
257529,99999999997;6939,1;7047,7;6460,1;-0,0163;1;4;2018;6825,2
40640;1336,3;1358,9;1309,7;0,0117;30;4;2017;1351,9
40970;1329,6;1343,7;1314,2;0,005;29;4;2017;1336,3
77570;1332,9;1356,2;1287,6;-0,0025;28;4;2017;1329,6
61770;1286,6;1346,8;1285,3;0,036;27;4;2017;1332,9
58910;1264,3;1309,2;1263;0,0177;26;4;2017;1286,6
43890;1248,2;1272,6;1244,2;0,0129;25;4;2017;1264,3
38540;1249,1;1256,4;1234,9;-0,0008;24;4;2017;1248,2
42610;1240,9;1256,2;1223,1;0,0066;23;4;2017;1249,1
43820;1249,6;1257;1215,8;-0,007;22;4;2017;1240,9
41340;1238,1;1257;1235,6;0,0093;21;4;2017;1249,6
55200;1215,2;1246,6;1210,7;0,0188;20;4;2017;1238,1
43350;1206,1;1218,2;1194,1;0,0076;19;4;2017;1215,2
52750;1194;1213,9;1191,1;0,0101;18;4;2017;1206,1
46480;1176,8;1203;1172,8;0,0146;17;4;2017;1194
18930;1177;1188;1166,7;-0,0002;16;4;2017;1176,8
28390;1177,3;1194,8;841,5;-0,0003;15;4;2017;1177
47220;1176,2;1195,4;1162,2;0,001;14;4;2017;1177,3
66050;1212,5;1218,7;1150,3;-0,03;13;4;2017;1176,2
44780;1220,7;1225,5;1207,4;-0,0067;12;4;2017;1212,5
37400;1206,7;1229,6;1195,8;0,0116;11;4;2017;1220,7
40010;1204,3;1214,9;1194,8;0,002;10;4;2017;1206,7
45350;1180,8;1215,1;1174;0,02;9;4;2017;1204,3
33180;1190,5;1198,2;1166,7;-0,0082;8;4;2017;1180,8
59750;1188,7;1201,2;1173,2;0,0015;7;4;2017;1190,5
92360;1129,9;1201,6;1130,5;0,0521;6;4;2017;1188,7
69470;1141,8;1143,8;1110,1;-0,0104;5;4;2017;1129,9
71000;1147,6;1161,2;1122,2;-0,005;4;4;2017;1141,8
98500;1097,4;1157,9;1095,6;0,0457;3;4;2017;1147,6
70980;1086,1;1109,5;1074,2;0,0104;2;4;2017;1097,4
50660;1079,1;1103,7;1067,5;0,0065;1;4;2017;1086,1
35310;455;456,9;446,6;-0,0142;30;4;2016;448,5
44850;448,5;456,3;445,2;0,0145;29;4;2016;455
81940;447;450,1;433,9;0,0033;28;4;2016;448,5
90810;466;467,9;444,6;-0,0408;27;4;2016;447
67560;461,7;468,9;459,2;0,0092;26;4;2016;466
81660;457,6;466,2;451,8;0,0091;25;4;2016;461,7
74430;450,1;461,8;447,9;0,0166;24;4;2016;457,6
42360;445,3;451,5;443,1;0,0108;23;4;2016;450,1
49710;449,3;450,2;441,9;-0,009;22;4;2016;445,3
63130;441,2;450,8;439,5;0,0185;21;4;2016;449,3
74360;434,9;442,9;432,5;0,0143;20;4;2016;441,2
45680;427,7;436,1;426,8;0,0169;19;4;2016;434,9
32580;426,3;429,1;424,4;0,0034;18;4;2016;427,7
25590;430;430,6;423,8;-0,0088;17;4;2016;426,3
29020;428,7;432;426,8;0,0032;16;4;2016;430
54120;424;429,5;423,3;0,011;15;4;2016;428,7
30660;423,5;425,4;421,8;0,0013;14;4;2016;424
38090;424,7;426,6;421,4;-0,003;13;4;2016;423,5
57710;421,4;426,7;420,7;0,0079;12;4;2016;424,7
36390;420,3;422,4;418,1;0,0028;11;4;2016;421,4
23300;418;421,6;416,7;0,0053;10;4;2016;420,3
29430;417,7;418,9;412,4;0,0009;9;4;2016;418
46950;420,1;423,5;415,5;-0,0058;8;4;2016;417,7
36060;421,3;422;417,9;-0,0027;7;4;2016;420,1
32670;422,1;422,8;419,5;-0,0019;6;4;2016;421,3
40890;419,3;423,7;418;0,0065;5;4;2016;422,1
33440;419,1;420,4;416,2;0,0006;4;4;2016;419,3
22800;418,5;420,2;417;0,0013;3;4;2016;419,1
31310;415,6;420,1;415,1;0,0069;2;4;2016;418,5
112240;225,4;240;224,7;0,0459;30;4;2015;235,8
60890;225,8;227,2;222,3;-0,0017;29;4;2015;225,4
65970;229;229,9;222;-0,0138;28;4;2015;225,8
123410;218,7;242,6;216,6;0,0469;27;4;2015;229
100770;226,1;226,7;214,1;-0,0329;26;4;2015;218,7
43780;231,1;232,3;223,1;-0,0214;25;4;2015;226,1
69780;235,4;236,6;229,1;-0,0183;24;4;2015;231,1
42450;233,8;236,1;232,6;0,0069;23;4;2015;235,4
77560;233,7;238,4;231,8;0,0002;22;4;2015;233,8
68350;224,2;235,3;223,3;0,0423;21;4;2015;233,7
44870;223;226,7;221,6;0,0055;20;4;2015;224,2
35500;223,4;226,9;222;-0,0015;19;4;2015;223
36540;222,6;224,5;220,6;0,0034;18;4;2015;223,4
66920;228;229,3;220,6;-0,0236;17;4;2015;222,6
84890;223;229,5;222,9;0,0225;16;4;2015;228
77230;218;223,6;217,1;0,0228;15;4;2015;223
115190;223,6;224,7;214,3;-0,025;14;4;2015;218
105150;235,9;236,8;220,4;-0,052;13;4;2015;223,6
33030;236,5;237,5;232,3;-0,0027;12;4;2015;235,9
51990;234,7;240;233,1;0,0075;11;4;2015;236,5
100200;243,3;244,1;231,3;-0,0353;10;4;2015;234,7
69190;244,6;246,2;237,6;-0,0051;9;4;2015;243,3
102650;253;254,3;242,6;-0,0332;8;4;2015;244,6
44790;255;255,6;250,1;-0,0078;7;4;2015;253
45930;259,6;261,5;252,3;-0,018;6;4;2015;255
43830;252,9;260,3;250,6;0,0267;5;4;2015;259,6
30720;254,5;255,2;250,3;-0,0062;4;4;2015;252,9
71740;252,6;256,5;251,3;0,0074;3;4;2015;254,5
81370;246,2;254,9;244,3;0,0258;2;4;2015;252,6
67080;244,1;247,7;239,6;0,0086;1;4;2015;246,2
4080;446,1;452,6;430,9;-0,0011;30;4;2014;445,6
3720;441,9;453,8;430,7;0,0095;29;4;2014;446,1
4540;443,2;451,1;420,8;-0,0028;28;4;2014;441,9
6960;457,9;461,4;437,4;-0,0321;27;4;2014;443,2
6890;464,5;468,7;448,6;-0,0143;26;4;2014;457,9
6450;500,3;502,5;438,3;-0,0716;25;4;2014;464,5
4230;487,3;507,3;477,2;0,0267;24;4;2014;500,3
4740;487,9;510;482,3;-0,0013;23;4;2014;487,3
5680;495,2;520,5;483,4;-0,0146;22;4;2014;487,9
7350;498,5;524,7;490,7;-0,0067;21;4;2014;495,2
7690;506;522,2;488,7;-0,0148;20;4;2014;498,5
8380;485,5;516,9;473,2;0,0422;19;4;2014;506
8360;502;512,2;472;-0,0328;18;4;2014;485,5
8000;537;537;486,9;-0,0651;17;4;2014;502
8060,0000000000009;526,4;549;496,1;0,02;16;4;2014;537
8000;478,4;526,6;466,4;0,1004;15;4;2014;526,4
7620;427,6;497,8;420,1;0,1188;14;4;2014;478,4
4970;437,6;454,1;409,9;-0,023;13;4;2014;427,6
5190;435,1;469,8;428;0,0058;12;4;2014;437,6
5160;384,6;450,4;355,7;0,1313;11;4;2014;435,1
3650;457,3;463,5;384,6;-0,159;10;4;2014;384,6
3880;466,6;479,7;451,1;-0,0198;9;4;2014;457,3
3910;462,4;480,7;457,6;0,009;8;4;2014;466,6
3950;455,7;485,1;448;0,0147;7;4;2014;462,4
3590;456,6;472,4;446,3;-0,0021;6;4;2014;455,7
1160;444,4;461,2;439,4;0,0276;5;4;2014;456,6
2570;436,3;456,5;415,5;0,0185;4;4;2014;444,4
4019,9999999999995;424,4;448,7;386,7;0,0281;3;4;2014;436,3
4380;463,5;480,3;409,3;-0,0843;2;4;2014;424,4
3970;444,7;487,4;438;0,0423;1;4;2014;463,5
65230,000000000007;144;146,9;134;-0,0331;30;4;2013;139,2
70210;134,4;149,1;133;0,0711;29;4;2013;144
27520;128;136,7;127,5;0,0503;28;4;2013;134,4
59880;136,9;139,9;122,7;-0,065;27;4;2013;128
129009,99999999999;141,7;145;121,4;-0,0339;26;4;2013;136,9
187650;154,2;162;120,1;-0,081;25;4;2013;141,7
225900;143,5;166,4;141;0,0747;24;4;2013;154,2
116150;127,4;144;125;0,1262;23;4;2013;143,5
59150;119,2;127,4;118,5;0,0688;22;4;2013;127,4
99130;126,6;130,5;110;-0,0586;21;4;2013;119,2
74360;118,5;132;115;0,0687;20;4;2013;126,6
257170,00000000003;109;136,4;105,5;0,0869;19;4;2013;118,5
172980;93,1;113;86;0,1713;18;4;2013;109
327630;68,4;98,8;63,3;0,3615;17;4;2013;93,1
572350;82,4;84,5;50;-0,1703;16;4;2013;68,4
236670;90;102;71,5;-0,0846;15;4;2013;82,4
166280;93;110;84,4;-0,0323;14;4;2013;90
238350;117;130;85,5;-0,2051;13;4;2013;93
556470;124,9;140;54,3;-0,0633;12;4;2013;117
118750;165;188,7;110,2;-0,243;11;4;2013;124,9
190180;230;266;105;-0,2826;10;4;2013;165
105840;187,5;240,1;186,5;0,2267;9;4;2013;230
114250;162,3;194,9;162,6;0,1553;8;4;2013;187,5
60960;142,6;164,9;142,6;0,1379;7;4;2013;162,3
18290;142,3;143,9;139,5;0,0022;6;4;2013;142,6
68590;132,1;144,9;130,2;0,0772;5;4;2013;142,3
88360;135;142,1;116,4;-0,0213;4;4;2013;132,1
152710;118;147;110;0,1443;3;4;2013;135
81290;104;118,4;99;0,1344;2;4;2013;118
90560;93;106;92,2;0,1179;1;4;2013;104
22230;5;5;4,9;-0,0161;29;4;2012;4,9
91590;5,1;5,1;4,8;-0,0254;28;4;2012;5
70990;5;5,2;4,9;0,0282;24;4;2012;5,1
49370;5,2;5,2;5;-0,0462;23;4;2012;5
37110;5,3;5,3;5,1;-0,0114;22;4;2012;5,2
60920;5,3;5,5;5,1;-0,0168;21;4;2012;5,3
104070;5,1;5,5;5,1;0,0409;20;4;2012;5,3
79130;5;5,2;5;0,0281;18;4;2012;5,1
30650;4,9;5;4,9;0,0101;17;4;2012;5
67040;4,8;5;4,8;0,0186;11;4;2012;4,9
39240;4,8;4,9;4,7;0,0167;9;4;2012;4,9
41970;4,7;4,8;4,6;0,0213;8;4;2012;4,8
80950;4,9;4,9;4,7;-0,0525;7;4;2012;4,7
80660;4,8;5,1;4,8;0,029;2;4;2012;5
35950;4,9;4,9;4,7;-0,0163;1;4;2012;4,8
65430,000000000007;2,9;4,2;2,8;0,2153;30;4;2011;3,5
57580;2,2;3;2,2;0,3032;29;4;2011;2,9
100240;1,9;2,7;1,7;0,1632;28;4;2011;2,2
33060;1,8;2;1,7;0,0615;27;4;2011;1,9
24050;1,6;1,8;1,5;0,1474;26;4;2011;1,8
13470;1,6;1,7;1,5;-0,0429;25;4;2011;1,6
21540;1,7;2;1,6;-0,0412;24;4;2011;1,6
66620;1,4;2;1,3;0,2057;23;4;2011;1,7
39420;1,2;1,4;1,2;0,1653;22;4;2011;1,4
39300;1,1;1,2;1,1;0,0614;21;4;2011;1,2
21350;1,2;1,2;1,1;-0,05;20;4;2011;1,1
24230;1;1,1;1;0,0571;17;4;2011;1,1
28870;1;1,1;1;0,0607;16;4;2011;1
31110;0,9;1;0,9;0,084;14;4;2011;1
43400;0,9;1;0,9;0,0727;13;4;2011;0,9
48420;0,8;0,9;0,8;0,1169;12;4;2011;0,9
31160;0,8;0,8;0,6;-0,1271;4;4;2011;0,7
248220000;38590;38776;37596;-0,0241;30;4;2022;37650
382900000;39748;39919;38175;-0,0294;29;4;2022;38581
542390000;39243;40382;38888;0,0129;28;4;2022;39748
426830000;38113;39447;37869;0,0296;27;4;2022;39243
681470000;40443;40770;37708;-0,0572;26;4;2022;38113
654600000;39464;40599;38233;0,0244;25;4;2022;40427
283630000;39434;39929;39033;0,0012;24;4;2022;39464
190600000;39709;39973;39291;-0,0073;23;4;2022;39418
421300000;40487;40792;39200;-0,0191;22;4;2022;39709
493050000;41370;42969;39793;-0,0214;21;4;2022;40482
382840000;41499;42203;40915;-0,0033;20;4;2022;41368
268279999,99999997;40809;41746;40585;0,0172;19;4;2022;41503
484260000;39700;41095;38577;0,0277;18;4;2022;40803
210010000;40382;40599;39561;-0,0168;17;4;2022;39703
151310000;40571;40691;40003;-0,0044;16;4;2022;40382
233090000;39936;40850;39781;0,0156;15;4;2022;40560
294290000;41133;41494;39585;-0,0291;14;4;2022;39936
406700000;40072;41515;39581;0,0263;13;4;2022;41133
468270000;39507;40678;39265;0,0147;12;4;2022;40078
608380000;42144;42418;39202;-0,0627;11;4;2022;39497
255830000;42760;43421;41884;-0,0147;10;4;2022;42138
165160000;42275;42809;42129;0,0116;9;4;2022;42767
467830000;43450;43979;42113;-0,027;8;4;2022;42275
390850000;43166;43893;42747;0,0064;7;4;2022;43448
649520000;45494;45519;43122;-0,0513;6;4;2022;43173
421110000;46614;47201;45388;-0,0241;5;4;2022;45506
446120000;46407;46899;45152;0,0048;4;4;2022;46629
398860000;45813;47435;45554;0,013;3;4;2022;46407
345930000;46299;47212;45641;-0,0105;2;4;2022;45811
632930000;45529;46728;44261;0,017;1;4;2022;46297
2040000;8770,6;9437,5;8425,5;-0,0162;30;4;2020;8629
1830000;7746,7;8918,5;7729,7;0,1322;29;4;2020;8770,9
1340000;7112,8;7655,4;7036,5;0,0528;23;4;2020;7488,5
1260000;7122,9;7207,5;6771,2;-0,0406;20;4;2020;6833,5
5930000;7230,9;7238;7079,1;-0,0149;19;4;2020;7122,9
1540000;6629,1;7159,7;6520,5;0,0689;16;4;2020;7085,6
1000000;6851,3;6929,5;6615,9;-0,0324;15;4;2020;6629,1
1250000;6918,1;6920,3;6618,5;-0,011;13;4;2020;6841,3
1100000;6867,9;7158,8;6785,1;0,0073;12;4;2020;6917,6
1370000;7289;7294,4;6756,1;-0,0584;10;4;2020;6863,1
1320000;7332,3;7440,3;7101,7;-0,0201;7;4;2020;7185,2
1530000;6772,8;7335;6770,1;0,0826;6;4;2020;7332,3
1050000;6735,9;6958,6;6679,1;0,018;4;4;2020;6857,4
1350000;6799,9;7026,3;6623,6;-0,0095;3;4;2020;6735,9
1740000;6638,8;7182,7;6567,9;0,0244;2;4;2020;6800,5
1400000;6412,4;6661,3;6157,4;0,0352;1;4;2020;6638,5
1030000;5209,2;5469,3;5159,3;0,0171;26;4;2019;5298,3
1050000;4968,7;5042,5;4789,2;-0,0133;4;4;2019;4902,4
13830000;4859,3;5278,4;4814;0,0225;3;4;2019;4968,7
14770000;4145,1;4899,6;4143,5;0,1723;2;4;2019;4859,3
3220000;4102,3;4159,1;4076,8;0,0104;1;4;2019;4145,1
98440;28029,3;28646,3;27587,5;0,0158;31;3;2023;28473,7
122510;28350,3;29160,4;27716,7;-0,0113;30;3;2023;28029,5
109320;27262,9;28627,4;27249,8;0,0399;29;3;2023;28350,4
94160;27127,8;27465;26665,6;0,0049;28;3;2023;27262,2
107240;27974,8;28023,3;26611,5;-0,0302;27;3;2023;27129,8
60640;27474,9;28153,7;27429,1;0,0181;26;3;2023;27973,5
61360;27462,2;27761,9;27176,7;0,0005;25;3;2023;27475,6
110360;28306,9;28374,5;27026,5;-0,03;24;3;2023;27462,2
158460;27262,8;28734,1;27144,6;0,0385;23;3;2023;28310,7
262029,99999999997;28114,2;28760,3;26668,7;-0,0303;22;3;2023;27261,7
438780;27719,8;28437,8;27350,6;0,0142;21;3;2023;28114
503900;27958,9;28457,8;27157;-0,0085;20;3;2023;27720,5
393270;26914,5;28347,3;26844,6;0,0388;19;3;2023;27958,7
392470;27391,9;27659,1;26688,7;-0,0174;18;3;2023;26914,5
674960;25004,4;27742,2;24900,1;0,0955;17;3;2023;27391,8
462580;24283,2;25139;24147,9;0,0297;16;3;2023;25004,1
614310;24699,6;25108,9;23932,4;-0,0169;15;3;2023;24282,7
753060;24121,5;26365,9;23994,6;0,0243;14;3;2023;24699,7
733630;21994,8;24406,2;21859,6;0,0964;13;3;2023;24114,4
455690;20465;22028,6;20294,2;0,0746;12;3;2023;21994,8
453460;20156,5;20669,5;19796,7;0,0154;11;3;2023;20467,5
655270;20362;20362,6;19591,8;-0,0101;10;3;2023;20156,7
468760;21710,8;21826,5;20079,6;-0,0621;9;3;2023;20361,8
316510;22197,8;22274,3;21661,3;-0,0219;8;3;2023;21710,8
304750;22410,1;22535,1;21968,6;-0,0095;7;3;2023;22197,8
215310;22428,2;22595,4;22320,1;-0,0008;6;3;2023;22410
160570;22347,1;22636,7;22213,5;0,0036;5;3;2023;22428,3
123930;22354,7;22403,7;22167,4;-0,0003;4;3;2023;22347,1
344630;23465,6;23473,4;22051,9;-0,0473;3;3;2023;22354,4
249260;23642,2;23780,5;23208,7;-0,0075;2;3;2023;23465,4
328770;23130,6;23914,1;23025,3;0,0221;1;3;2023;23642,2
74110;43912,8;44077,2;41840,8;-0,033;3;3;2022;42463
80820;44420,3;45294,2;43361,3;-0,0114;2;3;2022;43912,8
90670;43187,2;44900,5;42876,6;0,0285;1;3;2022;44420,3
98060;58771,4;59795,6;56991,6;-0,0001;31;3;2021;58763,7
86210;57614,6;59366,9;57077,1;0,02;30;3;2021;58771,3
107910;55764,7;58392,6;54951,1;0,0332;29;3;2021;57616,2
58710;55856,9;56504,2;54711,3;-0,0017;28;3;2021;55765,2
73870;55033,8;56531,1;54010,2;0,015;27;3;2021;55862,9
100300;51317,4;55074,1;51302;0,0724;26;3;2021;55036,1
143350;52330;53175,4;50441,3;-0,0192;25;3;2021;51322,3
137910;54309,1;57169,4;51725,4;-0,0391;24;3;2021;52325,4
84840;54117,5;55813,8;52992,3;0,0054;23;3;2021;54452,5
95530;57379,3;58379,9;53784,2;-0,0562;22;3;2021;54158,3
77470;58097,4;58583,8;55583,3;-0,0122;21;3;2021;57383,8
67830;58084,1;59882,1;57863;0,0001;20;3;2021;58093,4
83980;57645;59448,3;56305,1;0,0075;19;3;2021;58088
102620;58911,8;60088;57099,6;-0,0213;18;3;2021;57656
118260;56892,9;58933,2;54253,2;0,0356;17;3;2021;58913,5
128509,99999999999;55619,5;56889,7;53342,6;0,0197;16;3;2021;56889,7
117710;59117,4;60565,9;55088,8;-0,0562;15;3;2021;55791,3
80290;61192,7;61673,7;59113,7;-0,034;14;3;2021;59113,7
134640;57267,4;61795,8;56118,8;0,0686;13;3;2021;61195,3
116960;57806,2;58052,3;55134,5;-0,0092;12;3;2021;57265,1
129630;55851,2;58135;54351,8;0,0349;11;3;2021;57799,5
140960;54882,7;57328,7;53073,6;0,0177;10;3;2021;55851,9
114060;52352,4;54880,6;51941,3;0,0491;9;3;2021;54879
68140;50988,9;52384,9;49338,1;0,0261;8;3;2021;52311
82910;48899;51434,1;48890,6;0,0435;7;3;2021;50982,3
66660;48798,7;49191,8;47132,8;0,0013;6;3;2021;48855,6
113640;48363,6;49429,4;46370,1;0,0075;5;3;2021;48792,5
9560;50388;51757,7;47521,8;-0,039;4;3;2021;48428
44930;48422,2;52567,9;48159,2;0,0407;3;3;2021;50395,1
102100;49595,6;50191,9;47100,6;-0,0236;2;3;2021;48424,2
137520;45160,5;49774;45008,8;0,0981;1;3;2021;49595,5
916170;6233,2;6258,8;5889,3;-0,0551;29;3;2020;5890,4
750650;9134,2;9180,8;8848,7;-0,027;7;3;2020;8887,8
950760;8757,9;9147,3;8751,5;0,0345;5;3;2020;9060,3
759690;8761,3;8840,3;8679,7;-0,0004;4;3;2020;8757,9
784050;8543,8;8737,2;8437,2;-0,0004;1;3;2020;8540
245300;6856,5;7221,5;6804,9;0,0123;31;3;2018;6938,2
417310;7132,4;7288,1;6603,8;-0,0386;30;3;2018;6853,7
348750;7955,2;7980,7;6954,9;-0,1038;29;3;2018;7129,2
167360;7803;8110,4;7754,5;0,0196;28;3;2018;7954,9
223100;8146,5;8218,3;7760,6;-0,042;27;3;2018;7801,7
247180;8474;8515,7;7865,9;-0,0389;26;3;2018;8143,5
149520;8549,1;8679;8392,2;-0,0087;25;3;2018;8473,2
177430;8917,3;9008,8;8523,6;-0,0414;24;3;2018;8547,4
210110;8725,3;8917;8305,6;0,0218;23;3;2018;8916,8
223010;8903,7;9096,2;8499,1;-0,0202;22;3;2018;8726,2
218190;8912,4;9173,4;8775,1;-0,0008;21;3;2018;8905,9
253440;8614,1;9039,6;8326,8;0,0343;20;3;2018;8912,6
316960;8200,9;8698,3;8127,7;0,0507;19;3;2018;8616,8
348020;7873,2;8283,6;7323,3;0,0414;18;3;2018;8201,2
208050;8198;8344,8;7760,2;-0,05;17;3;2018;7874,9
236130;8264,3;8604,8;7929,1;0,003;16;3;2018;8289,2
326530;8210,2;8427;7691,7;0,0066;15;3;2018;8264,4
305450;9154,9;9353,4;7958,5;-0,1032;14;3;2018;8210,6
239460;9138,7;9482;8875,1;0,0019;13;3;2018;9154,9
257910,00000000003;9535,8;9892,2;8804,1;-0,0412;12;3;2018;9137,4
266590;8732,2;9719,6;8516,4;0,0876;11;3;2018;9529,6
198730;9216,2;9500;8691,1;-0,0494;10;3;2018;8762
371460;9301,9;9420,5;8351;-0,0089;9;3;2018;9217
256260;9910,7;10109;9037;-0,0609;8;3;2018;9300
284540;10779;10899;9422,1;-0,0723;7;3;2018;9902,9
230650;11314,2;11316,4;10412;-0,0578;6;3;2018;10675,1
162110;11415,7;11506,9;11281,2;-0,0075;5;3;2018;11330,6
156400;11402,8;11490,3;10878,4;0,0012;4;3;2018;11416,5
172200;10822,5;11420,7;9585,5;0,0531;3;3;2018;11402,3
201690;10904,5;11167;10677,1;-0,007;2;3;2018;10827,7
188770;10335,1;11047,8;10248,7;0,0552;1;3;2018;10904,5
90990;1037,9;1088,2;1035,2;0,0397;31;3;2017;1079,1
74990;1041,9;1052,7;1020,9;-0,0038;30;3;2017;1037,9
68850;1044,4;1058,7;1008,3;-0,0024;29;3;2017;1041,9
80000;1045,1;1068,4;1015,5;-0,0007;28;3;2017;1044,4
91260;969,4;1048,8;961,8;0,0781;27;3;2017;1045,1
85330;966,3;1004,3;946,7;0,0032;26;3;2017;969,4
127050;939,7;996;890,4;0,0283;25;3;2017;966,3
132600;1035;1038,4;927,3;-0,0921;24;3;2017;939,7
56520;1044,7;1062,8;1022;-0,0093;23;3;2017;1035
115290;1121,3;1121,9;997,8;-0,0683;22;3;2017;1044,7
92590;1047,5;1125,5;1043,9;0,0704;21;3;2017;1121,3
61430;1022,6;1057,5;1005;0,0244;20;3;2017;1047,5
106450;971,4;1063,7;967,3;0,0527;19;3;2017;1022,6
210420;1071,7;1103,6;940,2;-0,0936;18;3;2017;971,4
163740;1172,9;1174,9;1063,5;-0,0863;17;3;2017;1071,7
132770;1253,4;1260,2;1119;-0,0643;16;3;2017;1172,9
43590;1243,1;1256,9;1236,4;0,0083;15;3;2017;1253,4
45140;1238,2;1255,5;1218,4;0,004;14;3;2017;1243,1
60460;1225,1;1245,6;1205,6;0,0107;13;3;2017;1238,2
44410;1179,2;1235,5;1160,9;0,0389;12;3;2017;1225,1
70750;1112,4;1202,7;1104,8;0,0601;11;3;2017;1179,2
190470;1191,3;1330,4;988,7;-0,0663;10;3;2017;1112,4
59860;1147;1207;1129,3;0,0387;9;3;2017;1191,3
97880;1232,7;1242;1136,9;-0,0695;8;3;2017;1147
87720;1277;1280,9;1148,7;-0,0347;7;3;2017;1232,7
31030;1271,2;1280,6;1261;0,0046;6;3;2017;1277
25430;1264,3;1273,3;1242,1;0,0055;5;3;2017;1271,2
38420;1283,3;1285,8;1228,7;-0,0148;4;3;2017;1264,3
67280;1255,5;1291,3;1250,8;0,0222;3;3;2017;1283,3
78490;1222,7;1287;1212;0,0268;2;3;2017;1255,5
51150;1189,3;1225;1154,6;0,0281;1;3;2017;1222,7
41840;412,4;417,2;411,5;0,0078;31;3;2016;415,7
43280;415;416,2;408,4;-0,0062;30;3;2016;412,4
69110;422,2;424,5;406,4;-0,0171;29;3;2016;415
43450;424,6;425,4;419,7;-0,0056;28;3;2016;422,2
61720;416,5;427,4;415,5;0,0194;27;3;2016;424,6
28060;415,7;417,7;413,9;0,0019;26;3;2016;416,5
34590;414,7;417,3;412,4;0,0023;25;3;2016;415,7
38830;417;417,7;412,9;-0,0054;24;3;2016;414,7
40610;416,2;419,6;414,2;0,0019;23;3;2016;417
49080;411,1;417,9;410,8;0,0124;22;3;2016;416,2
43160;411,5;413,1;407,3;-0,001;21;3;2016;411,1
30540;408,7;413,5;407,2;0,0069;20;3;2016;411,5
37000;408,2;410,5;402,1;0,0013;19;3;2016;408,7
66070;418,2;418,6;402,5;-0,0239;18;3;2016;408,2
43820;415,9;419,6;415,3;0,0054;17;3;2016;418,2
44540;415,1;417;413,3;0,0019;16;3;2016;415,9
48600;414,3;417,4;412,3;0,002;15;3;2016;415,1
49330;412,4;416,1;411,2;0,0046;14;3;2016;414,3
34980;410,4;415,9;409,6;0,005;13;3;2016;412,4
59640;419,1;420,7;407;-0,0209;12;3;2016;410,4
60630;415,8;422,4;415,1;0,0079;11;3;2016;419,1
55740;412,8;417,5;410,3;0,0074;10;3;2016;415,8
50920;411,9;414,9;408,9;0,0021;9;3;2016;412,8
53770;414,9;416,7;408,4;-0,0072;8;3;2016;411,9
61770;406;416,6;402;0,0219;7;3;2016;414,9
62590;399;412;393,1;0,0174;6;3;2016;406
129150;409,5;410,1;386,9;-0,0256;5;3;2016;399
75270;419,6;423,4;407,2;-0,024;4;3;2016;409,5
78900;425,4;425,8;414,9;-0,0136;3;3;2016;419,6
57750;434;435,9;423,9;-0,02;2;3;2016;425,4
67460;436,2;439;428,5;-0,005;1;3;2016;434
75330;246,8;248,7;241,2;-0,0107;31;3;2015;244,1
85330;242,1;248,8;236,6;0,0195;30;3;2015;246,8
77540;252;252,8;238,9;-0,0394;29;3;2015;242,1
55060;247,2;254,3;246,3;0,0195;28;3;2015;252
62560;248;250,1;244,5;-0,0033;27;3;2015;247,2
89470;246,4;254,7;243,5;0,0067;26;3;2015;248
131440;246,7;249,2;234,8;-0,0014;25;3;2015;246,4
151090;265,5;267;242,7;-0,0706;24;3;2015;246,7
81450;268,6;271;259,4;-0,0116;23;3;2015;265,5
56630;259,7;270,4;259;0,0341;22;3;2015;268,6
51650;261,8;263,3;254;-0,0079;21;3;2015;259,7
52830;260,9;264,7;257,9;0,0033;20;3;2015;261,8
180690;255,9;264,8;247;0,0196;19;3;2015;260,9
206740;285,4;285,6;248,2;-0,1032;18;3;2015;255,9
65010,000000000007;290,4;292,5;283,3;-0,0173;17;3;2015;285,4
66340;284,9;294;284,8;0,0194;16;3;2015;290,4
39460;281,6;286,4;280,4;0,0116;15;3;2015;284,9
75720;287,2;288,4;279,3;-0,0195;14;3;2015;281,6
97340;293,9;294,9;286,1;-0,0226;13;3;2015;287,2
107320;295,6;297;290,8;-0,0059;12;3;2015;293,9
79980;291,4;297,7;288,9;0,0145;11;3;2015;295,6
158180;290;301;288,1;0,0047;10;3;2015;291,4
151770;274,5;293,3;273,8;0,0566;9;3;2015;290
50400;274,9;278,8;271,3;-0,0015;8;3;2015;274,5
60720;272,6;278,3;269,4;0,0086;7;3;2015;274,9
98800;275,2;278;269;-0,0097;6;3;2015;272,6
123640;271,9;280,8;262,8;0,0122;5;3;2015;275,2
139000;280,6;284,5;265,9;-0,0311;4;3;2015;271,9
164820;273,8;287,1;266,1;0,0252;3;3;2015;280,6
81090;257,9;274,8;256,1;0,0613;2;3;2015;273,8
51330;254,1;260,6;244,8;0,0153;1;3;2015;257,9
4150;446,9;473,4;422,5;-0,0051;31;3;2014;444,7
3860;477,1;479;424;-0,0633;30;3;2014;446,9
4290;482,6;494,3;473,8;-0,0114;29;3;2014;477,1
4110;460,5;515;453,8;0,0481;28;3;2014;482,6
3780;562,5;567,8;460,5;-0,1813;27;3;2014;460,5
3710;562,9;575,4;546,3;-0,0008;26;3;2014;562,5
3870;567,6;569,7;550,4;-0,0082;25;3;2014;562,9
3670;551,2;572,5;531,3;0,0298;24;3;2014;567,6
4130;564,3;564,3;538,6;-0,0234;23;3;2014;551,2
3770;549,6;570;537,2;0,0268;22;3;2014;564,3
3820;566;587,4;540,2;-0,029;21;3;2014;549,6
4240;595;598,4;560,3;-0,0487;20;3;2014;566
3580;598,9;607,1;590,1;-0,0066;19;3;2014;595
3650;606,4;611,7;585,7;-0,0123;18;3;2014;598,9
3580;619,1;622,5;602,7;-0,0206;17;3;2014;606,4
3300;624;627,3;613,2;-0,0078;16;3;2014;619,1
3460;614;628,8;609,2;0,0163;15;3;2014;624
4000;625;631,2;610,6;-0,0176;14;3;2014;614
3410;619,4;636,1;616,1;0,0091;13;3;2014;625
3200;608,7;640,8;608,2;0,0176;12;3;2014;619,4
2430;613;619,7;599,9;-0,007;11;3;2014;608,7
2630;627;633,7;594,7;-0,0225;10;3;2014;613
1950;609,2;637,6;598,5;0,0293;9;3;2014;627
2170;616,7;625,7;588,6;-0,0122;8;3;2014;609,2
2340;648,3;655,2;600,3;-0,0486;7;3;2014;616,7
2070;658,3;661,8;636,2;-0,0153;6;3;2014;648,3
1260;661,8;666;636,8;-0,0054;5;3;2014;658,3
1370;662,2;686,2;645,2;-0,0005;4;3;2014;661,8
1260;544,6;695,4;545,4;0,216;3;3;2014;662,2
830;557,4;562,9;541,5;-0,023;2;3;2014;544,6
400;573,9;564,1;262,8;-0,0288;1;3;2014;557,4
21130;92,2;93,8;91;0,0091;31;3;2013;93
37290;90,5;95;87;0,0187;30;3;2013;92,2
83180;86,2;93,1;83;0,0501;29;3;2013;90,5
140260;88,9;95,7;75;-0,0308;28;3;2013;86,2
72230;78,5;89,5;78,4;0,1327;27;3;2013;88,9
56670;73,6;79,7;73,1;0,0666;26;3;2013;78,5
79740;71,5;78;69,5;0,0294;25;3;2013;73,6
42020;64,3;72,5;62,7;0,1111;24;3;2013;71,5
150460;69,9;70,5;52,3;-0,079;23;3;2013;64,3
73200;70,8;73,8;65;-0,0138;22;3;2013;69,9
94310;64,5;74,9;63,1;0,0986;21;3;2013;70,8
93140;59,1;66;57,7;0,0905;20;3;2013;64,5
111700;51,6;62;50;0,1461;19;3;2013;59,1
65310;47,4;52,9;47,1;0,0886;18;3;2013;51,6
13940;47;47,7;46,8;0,0085;17;3;2013;47,4
20290;47,2;47,5;46,4;-0,0047;15;3;2013;47
37040;46,9;48;46;0,0053;14;3;2013;47,2
49520;44,3;47,3;43,8;0,0594;13;3;2013;46,9
183410;48,4;48,4;36,7;-0,0849;12;3;2013;44,3
41390;46;48,5;45,5;0,0522;11;3;2013;48,4
36360;46,8;48;45,5;-0,0181;10;3;2013;46
44480;44,2;47;43,4;0,0604;9;3;2013;46,8
47100;42;44,5;41;0,0519;8;3;2013;44,2
157320;41;45,5;33,3;0,0239;7;3;2013;42
126450;40,3;49,1;40,1;0,0171;6;3;2013;41
85430;36,2;40,7;36,2;0,1156;5;3;2013;40,3
46770;34,5;36,7;34,2;0,0478;4;3;2013;36,2
12530;34,3;34,5;33,8;0,0073;3;3;2013;34,5
36660;34,5;34,8;33,2;-0,0072;2;3;2013;34,3
39790;33,4;34,9;32,9;0,0336;1;3;2013;34,5
39070;4,8;4,9;4,7;0,0104;30;3;2012;4,9
73430;4,6;4,8;4,5;0,0411;27;3;2012;4,8
69840;4,6;4,7;4,5;0,0154;26;3;2012;4,6
71560;4,7;4,7;4,3;-0,0278;25;3;2012;4,6
58070;4,8;4,9;4,6;-0,0229;22;3;2012;4,7
66340;4,7;4,9;4,6;0,032;20;3;2012;4,8
188890;5,3;5,3;4,5;-0,1117;19;3;2012;4,7
22860;5,2;5,3;5,2;0,0115;18;3;2012;5,3
39100;5,3;5,4;5,2;-0,0225;17;3;2012;5,2
41080;5,4;5,4;5,3;-0,0093;15;3;2012;5,3
62890;5,3;5,4;5,3;0,0209;14;3;2012;5,4
127330;4,9;5,4;4,9;0,0777;13;3;2012;5,3
42440;4,8;5;4,8;0,0166;11;3;2012;4,9
32720;4,9;4,9;4,8;-0,0142;9;3;2012;4,9
65830;4,8;5,1;4,8;0,0332;5;3;2012;5
58830;4,6;4,9;4,6;0,0456;4;3;2012;4,8
40080;4,7;4,8;4,5;-0,0191;3;3;2012;4,6
130770,00000000001;4,9;4,9;4,5;-0,0447;2;3;2012;4,7
44180;4,9;5;4,9;0,0123;1;3;2012;4,9
12150;0,8;0,8;0,7;0,0659;22;3;2011;0,8
9880;0,8;0,8;0,7;-0,0631;19;3;2011;0,8
3730;0,9;0,9;0,9;-0,0567;11;3;2011;0,9
8870;0,9;0,9;0,8;0,0791;10;3;2011;0,9
22570;0,9;1;0,9;0,07;1;3;2011;0,9
520000000;47071;47624;45228;-0,0329;31;3;2022;45525
467760000;47449;47714;46601;-0,0079;30;3;2022;47075
478820000;47126;48127;47029;0,0073;29;3;2022;47449
610270000;46859;48199;46672;0,0052;28;3;2022;47105
388790000;44542;46947;44445;0,0519;27;3;2022;46859
196300000;44331;44818;44090;0,0049;26;3;2022;44548
494090000;44013;45112;43622;0,0072;25;3;2022;44331
491660000;42911;44251;42658;0,0257;24;3;2022;44013
433960000;42373;43027;41795;0,0127;23;3;2022;42912
537060000;41022;43327,9;40893;0,0329;22;3;2022;42373
406620000;41282;41532;40530;-0,0062;21;3;2022;41022
308450000;42241;42301;40922;-0,0227;20;3;2022;41276
224590000;41768;42386;41529,6;0,0111;19;3;2022;42233
1050000;6391,1;6513,1;6346,3;0,0034;31;3;2020;6412,5
1430000;5890,4;6576,5;5872,5;0,085;30;3;2020;6391
1260000;6373,4;6374,3;6046,5;-0,0219;28;3;2020;6233,7
1160000;6725,5;6813,7;6322,3;-0,0523;27;3;2020;6373,4
1180000;6677,9;6772,9;6541,7;0,0069;26;3;2020;6725,1
1520000;6744,8;6930,2;6474,6;-0,0097;25;3;2020;6678,9
1730000;6468,8;6814,2;6380,8;0,0426;24;3;2020;6744,6
1880000;5822;6564,7;5710,8;0,1111;23;3;2020;6468,9
1480000;6186,9;6394,4;5771,2;-0,0589;22;3;2020;5822,1
1640000;6205,6;6438,3;5887;-0,0031;21;3;2020;6186,2
2220000;6171,6;6858,1;5748,2;0,0054;20;3;2020;6205,3
2180000;5359,2;6379,5;5256;0,1512;19;3;2020;6172
1800000;5260,7;5373,1;5020,9;0,0191;18;3;2020;5361,4
1890000;5030,2;5432,8;4946,5;0,0459;17;3;2020;5261,1
2550000;5366,4;5369,3;4477,7;-0,0627;16;3;2020;5030
1610000;5182,9;5863,3;5120,6;0,0354;15;3;2020;5366,3
1690000;5589,4;5634,9;5072,2;-0,0719;14;3;2020;5182,7
4170000;4815,2;5934,3;3869,5;0,1571;13;3;2020;5584,3
3220000;7935,2;7963,1;4546,6;-0,3918;12;3;2020;4826
1100000;7892,1;7976,5;7606;0,0056;11;3;2020;7935,1
1200000;7933;8145,5;7740,2;-0,0053;10;3;2020;7891,2
1540000;8035,8;8158,8;7648,7;-0,0126;9;3;2020;7933
1110000;8887,8;8888;8015,3;-0,0961;8;3;2020;8034,1
1040000;9060,6;9165,2;9004,9;0,0082;6;3;2020;9134,8
1010000;8906,1;8911,7;8669,3;-0,0161;3;3;2020;8761,4
1020000;8537,5;8961,8;8503,1;0,0427;2;3;2020;8904,8
2430000;4111,8;4121,9;4082,2;-0,0023;31;3;2019;4102,3
2550000;4103,7;4138,1;4057,1;0,0023;30;3;2019;4111,8
3300000;4025,7;4123,1;4022,6;0,019;29;3;2019;4102,2
2110000;4041,7;4041,7;4008,4;-0,004;28;3;2019;4025,6
2780000;3942,8;4043,3;3936,2;0,0251;27;3;2019;4041,7
2530000;3937,1;3950,7;3899,9;0,0015;26;3;2019;3942,8
2860000;3994,8;4000,5;3897,9;-0,0144;25;3;2019;3937
2040000;4002,6;4005,7;3967;-0,002;24;3;2019;3994,7
2000000;3990,4;4018,2;3980,8;0,003;23;3;2019;4002,5
2830000;3982,2;4005,7;3971,8;0,0021;22;3;2019;3990,4
3880000;4041,2;4064;3923,8;-0,0146;21;3;2019;3982,2
3180000;4017;4050;3985,3;0,006;20;3;2019;4041,2
2990000;3990,2;4029,9;3972,4;0,0067;19;3;2019;4017
2620000;3981,5;4032,3;3958,5;0,0022;18;3;2019;3990,2
1870000;4006,4;4009,8;3956,3;-0,0062;17;3;2019;3981,5
3460000;3924,4;4050,6;3923,7;0,0209;16;3;2019;4006,4
3110000;3879;3935,7;3874,8;0,0117;15;3;2019;3924,3
2860000;3865,1;3914,7;3828,4;0,0036;14;3;2019;3879
2280000;3885,9;3894,7;3847,4;-0,0054;13;3;2019;3865,1
2900000;3870,3;3900,1;3817,1;0,0041;12;3;2019;3886
3190000;3915,2;3935,5;3842,4;-0,0115;11;3;2019;3870,3
1890000;3944,4;3944,5;3889,2;-0,0074;10;3;2019;3915,2
2480000;3865,6;3964;3859,7;0,0203;9;3;2019;3944,3
2960000;3875,1;3929;3810,7;-0,0024;8;3;2019;3865,9
2600000;3863,1;3907,4;3847,9;0,0032;7;3;2019;3875,1
2520000;3857,2;3887,3;3816,7;0,0015;6;3;2019;3863
3820000;3715,9;3873,2;3705,7;0,038;5;3;2019;3857,2
2850000;3809,7;3828,4;3681,8;-0,0245;4;3;2019;3715,9
1510000;3823,2;3836,6;3789,7;-0,0036;3;3;2019;3809,5
1610000;3821,9;3843,2;3783,6;0,0003;2;3;2019;3823,1
1740000;3816,7;3855,8;3816,4;0,0014;1;3;2019;3821,9
2310000000;40914,6;42308,4;40234,8;0,0208;18;3;2022;41767,8
1900000000;41118,7;41406;40557,8;-0,005;17;3;2022;40914,8
4470000000;39282,5;41701,6;38953,2;0,0467;16;3;2022;41118,7
2250000000;39673;39854,7;38220,9;-0,0097;15;3;2022;39285,7
2330000000;37789,5;39914,3;37613,6;0,0497;14;3;2022;39671,1
1550000000;38813,2;39272,3;37603,4;-0,0263;13;3;2022;37792,4
1110000000;38730,2;39355,3;38666,5;0,0022;12;3;2022;38814,3
2790000000;39422,5;40177;38236,4;-0,0174;11;3;2022;38730,2
3620000000;41933,9;42029,1;38603,5;-0,0599;10;3;2022;39416,3
3600000000;38731,5;42538,5;38663,3;0,0822;9;3;2022;41929
2670000000;38020,6;39351,5;37886,6;0,0189;8;3;2022;38744,8
3020000000;38420,6;39532;37182,1;-0,0099;7;3;2022;38024,8
1930000000;39396,3;39668,1;38115;-0,0252;6;3;2022;38403,1
1500000000;39142,8;39600,2;38626,1;0,0065;5;3;2022;39395,8
3210000000;42463;42848,7;38594,9;-0,0782;4;3;2022;39142,7
118650;30445,7;31275,5;29714,5;0,0009;30;6;2023;30472,9
49570;30077,3;30823,1;30051,3;0,0122;29;6;2023;30445,7
51060;30691,9;30703,4;29919,5;-0,0199;28;6;2023;30078,6
55820;30267;30993,7;30231,3;0,0139;27;6;2023;30689,1
58710;30466,3;30645,9;29986,3;-0,0065;26;6;2023;30267
37120;30533,6;31040,2;30315,8;-0,0022;25;6;2023;30465,3
38150;30680,7;30795,3;30269,4;-0,0048;24;6;2023;30533,6
98850;29890,2;31395,4;29822,6;0,0264;23;6;2023;30679,4
79220;29992,8;30497,8;29590,4;-0,0035;22;6;2023;29890,5
143490;28307,7;30769,5;28270,5;0,0597;21;6;2023;29996,9
100550;26845,9;28393;26665,5;0,0544;20;6;2023;28307,7
46450;26339,7;27029,7;26295,1;0,0192;19;6;2023;26845,9
27310;26515;26679,3;26290,6;-0,0066;18;6;2023;26339,7
35860;26341,3;26767,3;26183,5;0,0066;17;6;2023;26515
69240;25591,9;26472,8;25276;0,0293;16;6;2023;26341,3
68380;25129,5;25732,8;24838;0,0184;15;6;2023;25591,3
60820;25929;26051,7;24847,4;-0,0308;14;6;2023;25129,5
56240;25906,9;26428,9;25726,4;0,0009;13;6;2023;25929,4
40750;25927,9;26080,7;25635;-0,0008;12;6;2023;25906,8
39200;25843,3;26190,1;25660,8;0,0033;11;6;2023;25928,4
83570;26479,3;26525,1;25468,3;-0,024;10;6;2023;25844
38960;26501,1;26773,9;26326,7;-0,0008;9;6;2023;26479,3
39950;26341,8;26784,4;26231,3;0,006;8;6;2023;26501,1
77480;27230,2;27342;26141;-0,0326;7;6;2023;26342,5
88610;25745,6;27325,2;25425,6;0,0576;6;6;2023;27230,2
85420;27122,3;27125,5;25437,5;-0,0507;5;6;2023;25747,4
23810;27070,9;27410,2;26956,1;0,0019;4;6;2023;27122,3
20620;27246;27317,5;26931,4;-0,0063;3;6;2023;27072
49370;26819;27299,4;26541,3;0,0159;2;6;2023;27244,7
51980;27216,4;27340,9;26662,3;-0,0146;1;6;2023;26819
127730;20111,3;20155,1;18682,7;-0,0092;30;6;2022;19926,6
98970;20278;20415,8;19880,7;-0,0082;29;6;2022;20111,3
83830;20727,9;21200,2;20210,5;-0,0218;28;6;2022;20278
84690;21037,7;21497,5;20568;-0,0149;27;6;2022;20730,2
67210;21489,9;21837,4;20989,7;-0,0208;26;6;2022;21043,5
66630;21226,9;21553,4;20917,5;0,0124;25;6;2022;21489,9
104560;21100,9;21488,7;20743,9;0,006;24;6;2022;21226,9
110700;19967,3;21189,8;19907,5;0,0568;23;6;2022;21100,7
125940;20720,2;20864,3;19780,2;-0,0364;22;6;2022;19965,8
136320;20571,6;21689,3;20371,7;0,0072;21;6;2022;20720,4
140600;20576,9;20996,8;19658,8;-0,0002;20;6;2022;20572,3
169390;18983,4;20763,5;17983,7;0,0838;19;6;2022;20577,2
267250;20446,4;20744,7;17630,5;-0,0713;18;6;2022;18986,5
136270;20391,3;21315,4;20244,1;0,0028;17;6;2022;20444,6
144000;22577,9;22942,1;20231,1;-0,0971;16;6;2022;20386,6
280410;22137,5;22754,4;20125,8;0,019;15;6;2022;22577,9
251010;22449,1;23200,3;20860,9;-0,0129;14;6;2022;22157,3
379260;26606,3;26857,6;22006,3;-0,1563;13;6;2022;22448
120020;28404;28534,8;26606,3;-0,0633;12;6;2022;26606,3
82920;29083,3;29426,6;28161,8;-0,0234;11;6;2022;28403,4
104260;30097,4;30325,6;28884,9;-0,0337;10;6;2022;29083,3
61720;30202,1;30691,4;29953,8;-0,0034;9;6;2022;30097,8
87960;31127,2;31312,1;29874,8;-0,0298;8;6;2022;30201,6
140320;31370,3;31556,6;29235;-0,0076;7;6;2022;31128,8
94010;29911,2;31753,4;29888,6;0,0486;6;6;2022;31367,6
30330;29865,1;30166,9;29539;0,0016;5;6;2022;29913
33510;29700,9;29963,8;29489,5;0,0055;4;6;2022;29864,3
72130;30455,7;30674,8;29330,8;-0,0248;3;6;2022;29700,9
81400;29798,6;30638,5;29604,4;0,022;2;6;2022;30455,5
135090;31793,1;31969,9;29396,6;-0,0627;1;6;2022;29798,5
107070;35832,6;36089,5;34126,6;-0,0225;30;6;2021;35026,9
97270;34477,3;36590,3;34247,6;0,0394;29;6;2021;35834,7
112000;34682,2;35231,2;33944,9;-0,0058;28;6;2021;34475,9
148800;32247,1;34685,5;32041,7;0,0755;27;6;2021;34678,5
156670;31592,1;32643;30206,9;0,0206;26;6;2021;32243,4
193430;34660,5;35490,9;31337,9;-0,0886;25;6;2021;31594
119250;33678,1;35249,9;32356,7;0,0294;24;6;2021;34665,8
173340;32498,3;34784,3;31736,5;0,0362;23;6;2021;33674,3
309650;31682,7;33272,5;28901,8;0,0254;22;6;2021;32496,4
256870;35597,9;35708,4;31284,1;-0,1097;21;6;2021;31692
137480;35510,9;36097,9;33378;0,0023;20;6;2021;35595,8
105460;35770;36357,3;34845,5;-0,0066;19;6;2021;35513,4
102840;38045,5;38166;35198,5;-0,0605;18;6;2021;35749,4
109580;38337,8;39529,9;37425,3;-0,0074;17;6;2021;38052
123520;40148,1;40494,4;38156,4;-0,0453;16;6;2021;38336
117550;40522,5;41318;39589,9;-0,0092;15;6;2021;40156,1
157350;39024,1;40970,4;38769,9;0,0386;14;6;2021;40529,4
123320;35467,5;39321,6;34827;0,1002;13;6;2021;39022,9
87730;37334,4;37437,3;34703,3;-0,0495;12;6;2021;35467,5
109150;36654,3;37641,1;36003,3;0,0181;11;6;2021;37314,6
154320;37375,2;38340,8;35824;-0,0183;10;6;2021;36649,4
209820;33385,5;37517,6;32428,6;0,1183;9;6;2021;37332,2
193540;33574,6;34047,8;31158,1;-0,0058;8;6;2021;33382,9
119500;35815,4;36754,6;33410,1;-0,0625;7;6;2021;33578
62200;35518,7;36434;35265,3;0,0083;6;6;2021;35815,4
101480;36841,2;37887,6;34832;-0,0361;5;6;2021;35520
127710;39191,4;39255,4;35659,9;-0,0596;4;6;2021;36851,3
106440;37555,7;39462,3;37193,6;0,0434;3;6;2021;39187,3
96890;36687,7;38199,9;35981,1;0,0237;2;6;2021;37555,8
113480;37294,3;37850,3;35742,7;-0,0164;1;6;2021;36687,6
381730;9186;9199,8;9075,3;-0,0054;30;6;2020;9135,4
401120;9122,8;9229,1;9033,6;0,0067;29;6;2020;9185,4
329010;9008,4;9185,5;8950,2;0,0128;28;6;2020;9124
441930;9160,5;9190,5;8865,3;-0,0166;27;6;2020;9008,3
489840;9247,5;9296,5;9060,1;-0,0095;26;6;2020;9160
524450;9300,8;9327,3;9022,6;-0,0059;25;6;2020;9247,5
515780;9624,6;9667,4;9223;-0,0335;24;6;2020;9302
375490;9683,9;9715,6;9581,8;-0,0061;23;6;2020;9624,6
523320,00000000006;9296,5;9751,9;9285,8;0,0417;22;6;2020;9683,7
335990;9358,8;9411,2;9288,5;-0,0067;21;6;2020;9296,4
383440;9314;9394,5;9199,8;0,0048;20;6;2020;9358,8
478490;9390,3;9424;9249,6;-0,0079;19;6;2020;9314
391670;9464,6;9480,4;9289,3;-0,0081;18;6;2020;9388,1
446450;9523,6;9543,6;9258,2;-0,0062;17;6;2020;9464,6
545470;9425,6;9577,1;9379,3;0,0104;16;6;2020;9523,5
750900;9345,5;9489,7;8925,6;0,0086;15;6;2020;9425,4
311270;9470,7;9474,7;9264,4;-0,0133;14;6;2020;9345,3
364970;9466,5;9484,9;9369,9;0,0005;13;6;2020;9471,3
529280;9283,7;9547,5;9249,4;0,0197;12;6;2020;9466,6
919300;9878,9;9945,2;9139,1;-0,0603;11;6;2020;9283,2
533550;9768,8;9970,9;9710,7;0,0113;10;6;2020;9878,8
479550;9777,7;9857,2;9616,6;-0,0009;9;6;2020;9768,8
431040;9743,4;9788,2;9662,3;0,0036;8;6;2020;9777,9
549200;9669,6;9791,8;9417,4;0,0076;7;6;2020;9742,6
370850;9630,8;9733,1;9549,5;0,004;6;6;2020;9669,6
527050;9794;9846,1;9628,7;-0,0167;5;6;2020;9631,2
593660;9667,2;9864,4;9490,9;0,0132;4;6;2020;9794,4
558120;9527;9667,2;9421,7;0,0147;3;6;2020;9667,2
796680;9454,5;10301,8;9429,7;0,0777;1;6;2020;10189,3
880770;11906;12179,3;10765,4;-0,0914;30;6;2019;10818,6
834620;12408;12422,9;11490,8;-0,0405;29;6;2019;11906,5
781090;11046,6;11833,9;11033,7;0,0691;25;6;2019;11809,9
566960;10897,3;11114,4;10622,6;0,0137;24;6;2019;11046,4
683790;10721,5;11361,3;10557,8;0,0164;23;6;2019;10897,1
769120;9517,7;10184,3;9517,4;0,0696;21;6;2019;10179,3
693620;9255;9583,9;9188,4;0,0283;20;6;2019;9517
587570;9080,7;9295,1;9044;0,0193;19;6;2019;9255,4
723170;9318,9;9336,1;8962,7;-0,0256;18;6;2019;9080,6
738800;8961;9438,1;8959,8;0,0398;17;6;2019;9318,8
849770;8812,2;9332;8771,1;0,017;16;6;2019;8962,5
608690;8655,8;8856,7;8582,3;0,0181;15;6;2019;8812,5
643170;8218,6;8685,3;8153,2;0,0532;14;6;2019;8656,1
574210;8132,4;8306,1;8028,6;0,0106;13;6;2019;8219
607890;7888;8198,1;7805,8;0,0311;12;6;2019;8133,1
579000;7987,8;8010,4;7714,5;-0,0125;11;6;2019;7888
641380;7635;8012,8;7523,6;0,0462;10;6;2019;7987,8
554480;7901,6;7937,5;7516,9;-0,0337;9;6;2019;7635
485810;7985,3;8044,4;7770,5;-0,0105;8;6;2019;7901,4
588870;7785,8;8099,4;7749,4;0,0257;7;6;2019;7985,2
651820;7779,6;7861,4;7480,4;0,0008;6;6;2019;7784,9
762940;7685,6;7885;7590,4;0,0122;5;6;2019;7779,1
966950;8118,1;8118,1;7494;-0,0541;4;6;2019;7685,5
739450;8728,6;8734,9;8102,7;-0,0692;3;6;2019;8124,8
614540;8545,8;8807,7;8534,8;0,0214;2;6;2019;8728,6
686750;8556,9;8615,8;8454;-0,0015;1;6;2019;8545,7
189330;6213,4;6498,5;6204;0,0299;30;6;2018;6398,9
206960;5883,2;6284,9;5818,5;0,0561;29;6;2018;6213,3
156050;6154,9;6178,4;5854;-0,0441;28;6;2018;5883,5
133420;6081,1;6187,3;6025,4;0,012;27;6;2018;6154,9
176660;6256,9;6267,7;6060;-0,0279;26;6;2018;6082,1
210690;6155,1;6331,2;6101,7;0,0166;25;6;2018;6256,6
240600;6167,9;6248,3;5785,3;-0,0021;24;6;2018;6154,6
142900;6055,2;6259;6032,8;0,0184;23;6;2018;6167,3
278220;6728,2;6739,7;5955;-0,0999;22;6;2018;6055,7
99290;6765,8;6797,5;6695,1;-0,0055;21;6;2018;6728
121480;6752,3;6812,7;6575,1;0,0019;20;6;2018;6765,4
120540;6719,8;6839,5;6681,5;0,0049;19;6;2018;6752,4
135700;6460,5;6794,5;6410,9;0,0402;18;6;2018;6719,8
90670;6505,8;6593;6452,1;-0,007;17;6;2018;6460,3
108790;6410;6564,2;6358;0,0149;16;6;2018;6505,8
143530;6647,3;6655,8;6395,7;-0,0356;15;6;2018;6410,3
201540;6312,3;6711,5;6283,6;0,053;14;6;2018;6647,1
237480;6558,5;6624,6;6129,1;-0,0375;13;6;2018;6312,3
178260;6885,9;6887,2;6476;-0,0476;12;6;2018;6558,2
174880;6775,2;6910,8;6657,2;0,0164;11;6;2018;6885,9
275690;7515,8;7516,3;6668,1;-0,0985;10;6;2018;6775,1
97560;7622,1;7689;7493,3;-0,014;9;6;2018;7515,8
112880;7697,9;7710,5;7556,9;-0,0098;8;6;2018;7622,1
124000;7661;7754,7;7657,7;0,0048;7;6;2018;7697,8
130660;7631,5;7699,1;7504,4;0,0039;6;6;2018;7661
145230;7507,4;7672,6;7391;0,0169;5;6;2018;7631,5
141010;7729,3;7759,9;7468,4;-0,0291;4;6;2018;7504,3
116680;7646,6;7775;7611,3;0,0108;3;6;2018;7729,3
121180;7530,8;7694,5;7467,9;0,0154;2;6;2018;7646,6
135920;7502,5;7610,4;7375,8;0,0038;1;6;2018;7530,8
73000;2558,4;2576,3;2469,5;-0,0304;30;6;2017;2480,6
75320;2577,7;2605,9;2526,5;-0,0075;29;6;2017;2558,4
110420;2583,8;2616,9;2490,1;-0,0023;28;6;2017;2577,7
159260;2446,1;2585,1;2309,6;0,0563;27;6;2017;2583,8
165830;2541,6;2584,8;2327,3;-0,0376;26;6;2017;2446,1
86970;2590,1;2660,7;2472,4;-0,0187;25;6;2017;2541,6
86960;2710,4;2741,6;2540,4;-0,0444;24;6;2017;2590,1
56940;2722,8;2759,7;2699,5;-0,0046;23;6;2017;2710,4
78300;2677,6;2757,3;2623,2;0,0169;22;6;2017;2722,8
116030;2754,4;2804,4;2624,4;-0,0279;21;6;2017;2677,6
111300;2616,8;2800,5;2614;0,0526;20;6;2017;2754,4
81830;2539,6;2617,8;2518,8;0,0304;19;6;2017;2616,8
92000;2655,1;2676;2488,6;-0,0435;18;6;2017;2539,6
95950;2508,6;2690,7;2454,8;0,0584;17;6;2017;2655,1
117210;2442,5;2536,4;2335,3;0,0271;16;6;2017;2508,6
262790;2467,3;2521,6;2125,6;-0,0101;15;6;2017;2442,5
174190;2713;2803,7;2349;-0,0906;14;6;2017;2467,3
116740;2656,8;2784,8;2647,4;0,0212;13;6;2017;2713
217960;2973,4;2985,1;2483,6;-0,1065;12;6;2017;2656,8
83030;2900,3;2977,9;2867,3;0,0252;11;6;2017;2973,4
86520;2811,4;2914,2;2807,4;0,0316;10;6;2017;2900,3
67050;2798,8;2852,1;2786,1;0,0045;9;6;2017;2811,4
95420;2691,5;2808,4;2623,6;0,0399;8;6;2017;2798,8
122680;2870,5;2880,9;2626,6;-0,0624;7;6;2017;2691,5
192230;2705;2931,2;2699,7;0,0612;6;6;2017;2870,5
86690;2524,1;2705,4;2523,9;0,0717;5;6;2017;2705
59480;2545,4;2559,8;2478,2;-0,0084;4;6;2017;2524,1
70960;2492,6;2582,8;2449,9;0,0212;3;6;2017;2545,4
83030;2412,6;2494;2385,6;0,0331;2;6;2017;2492,6
122700;2303,3;2460,8;2303,3;0,0475;1;6;2017;2412,6
88200;636,5;673;631,2;0,0526;30;6;2016;670
80220;644,9;645,9;621,8;-0,0129;29;6;2016;636,5
76660;644,7;659,3;634,3;0,0004;28;6;2016;644,9
99810;625,4;650,3;615,2;0,0308;27;6;2016;644,7
88930;663,5;665,2;609,9;-0,0574;26;6;2016;625,4
100460;656,9;688,1;640,8;0,0101;25;6;2016;663,5
196690;620,8;687,4;616,4;0,0581;24;6;2016;656,9
261740;590,6;629,5;539,3;0,0513;23;6;2016;620,8
202320;667,4;677,8;586,6;-0,1151;22;6;2016;590,6
248080;734;732,2;626;-0,0907;21;6;2016;667,4
112290;761;764,6;717,4;-0,0356;20;6;2016;734
60450;753,8;765,1;740,4;0,0096;19;6;2016;761
120530;743,9;776;727,1;0,0133;18;6;2016;753,8
215870;761,2;771,9;704,2;-0,0227;17;6;2016;743,9
229570;690,8;769,7;687,4;0,102;16;6;2016;761,2
78620;685,1;695,1;670,5;0,0082;15;6;2016;690,8
135650;700,1;702,5;654,7;-0,0213;14;6;2016;685,1
216730;666,5;718,2;652,8;0,0503;13;6;2016;700,1
217380;591,6;683,8;592,8;0,1267;12;6;2016;666,5
42220;577,9;592,6;576,3;0,0237;11;6;2016;591,6
45500;574,7;579,3;571,1;0,0056;10;6;2016;577,9
48610;580,5;580,7;569,3;-0,01;9;6;2016;574,7
49600;575,6;582,4;567,8;0,0086;8;6;2016;580,5
84690;583,6;591,3;543,6;-0,0137;7;6;2016;575,6
63680;574,9;586,7;571,7;0,0151;6;6;2016;583,6
64519,999999999993;572;583,6;567,8;0,0052;5;6;2016;574,9
87410;567;592,7;560,9;0,0087;4;6;2016;572
106250;537,1;573,7;534,3;0,0557;3;6;2016;567
52880;537,4;541,5;530,5;-0,0006;2;6;2016;537,1
72410;528,9;542,3;521,3;0,016;1;6;2016;537,4
116530;257;268,7;255,4;0,0278;30;6;2015;264,1
92640;248,9;257,5;248;0,0325;29;6;2015;257
39890;250,7;251,6;246,6;-0,0074;28;6;2015;248,9
54700;242,9;251,6;241,8;0,032;27;6;2015;250,7
37620;242,6;243,5;240,1;0,0016;26;6;2015;242,9
40360;240,6;243,6;239,3;0,0083;25;6;2015;242,6
47110;243,8;244,5;239,1;-0,0131;24;6;2015;240,6
38430;247,5;247,7;242,3;-0,015;23;6;2015;243,8
47590;244,1;248,6;243,2;0,0138;22;6;2015;247,5
25150;245;246;240,9;-0,0036;21;6;2015;244,1
51280;244,1;246,6;238,7;0,0035;20;6;2015;245
84700;248,4;250,8;243,6;-0,0173;19;6;2015;244,1
78140;247,4;251,9;242,5;0,0043;18;6;2015;248,4
121620;249,8;258,5;245,1;-0,0098;17;6;2015;247,4
122470;237;254,1;235,7;0,0541;16;6;2015;249,8
63470;233,8;238,6;233,3;0,0139;15;6;2015;237
32900;232,5;235,5;232,1;0,0055;14;6;2015;233,8
38010;230,5;233,1;229;0,0088;13;6;2015;232,5
40750;229,9;231,6;229,3;0,0025;12;6;2015;230,5
38000;228,8;230,6;228,5;0,0048;11;6;2015;229,9
41640;229,6;230,4;227,8;-0,0034;10;6;2015;228,8
54840;228,6;231,4;227,5;0,0043;9;6;2015;229,6
74150;223,5;229,9;223;0,0228;8;6;2015;228,6
40480;224,7;226,4;222,2;-0,0057;7;6;2015;223,5
22470;225,3;225,8;223,5;-0,0024;6;6;2015;224,7
56460;224,2;226,4;222,1;0,0048;5;6;2015;225,3
44060;225,6;226,7;223,5;-0,0061;4;6;2015;224,2
54350;225,7;227,9;223,7;-0,0007;3;6;2015;225,6
60810;223,1;227,4;222,3;0,0117;2;6;2015;225,7
87060;229,8;231,8;221;-0,0292;1;6;2015;223,1
3830;601,1;637,3;596,5;0,0567;30;6;2014;635,1
2890;597,6;604,3;593,2;0,0059;29;6;2014;601,1
2940;602,2;608,8;594;-0,0078;28;6;2014;597,6
3390;582,7;603,9;580,1;0,0335;27;6;2014;602,2
4150;568,5;582,7;565,8;0,0251;26;6;2014;582,7
3090;588,8;589,6;566,9;-0,0345;25;6;2014;568,5
3080;591,2;595,7;585,4;-0,0041;24;6;2014;588,8
2650;603,6;604,7;582,9;-0,0206;23;6;2014;591,2
2040;597;610,1;592;0,011;22;6;2014;603,6
2280;590,8;599,2;584,8;0,0106;21;6;2014;597
2150;600,2;602;587,1;-0,0157;20;6;2014;590,8
5600;606,2;612,6;598,7;-0,01;19;6;2014;600,2
3310;605,1;614,4;603,6;0,0019;18;6;2014;606,2
3000;599,1;608,4;594,9;0,01;17;6;2014;605,1
3990;582,3;606,1;580,5;0,0288;16;6;2014;599,1
3940;583,4;587,8;560,8;-0,0019;15;6;2014;582,3
5000;610,3;613,8;563,7;-0,0441;14;6;2014;583,4
7550;597,1;619,1;594,9;0,0221;13;6;2014;610,3
4590;643;643,8;591,1;-0,0713;12;6;2014;597,1
3800;655,6;663;642,3;-0,0193;11;6;2014;643
3560;644,3;661,4;641,7;0,0175;10;6;2014;655,6
3260;651;652,1;639,1;-0,0103;9;6;2014;644,3
3310;651,7;658,9;648,7;-0,001;8;6;2014;651
1970;650,4;659,8;641;0,0019;7;6;2014;651,7
6040;660,2;663,8;647,1;-0,0148;6;6;2014;650,4
2760;638,9;665,4;635,6;0,0333;5;6;2014;660,2
5600;669,4;669,8;602,1;-0,0456;4;6;2014;638,9
4360;655,5;676,5;631,4;0,0213;3;6;2014;669,4
4130;649,8;662,6;625,5;0,0088;2;6;2014;655,5
3550;627,9;675;622;0,0348;1;6;2014;649,8
8580;95;98,1;93,8;0,0264;30;6;2013;97,5
25540;94,7;100,4;93;0,0036;29;6;2013;95
47770;101,7;101,8;92,3;-0,0696;28;6;2013;94,7
14730;104;104;100,1;-0,0217;27;6;2013;101,7
13230;103,3;105,5;101,8;0,0065;26;6;2013;104
93710;102,1;110;100;0,0121;25;6;2013;103,3
28900;107,9;108,3;100,8;-0,0538;24;6;2013;102,1
11050;108,2;109;106,2;-0,0028;23;6;2013;107,9
7280;109,5;110;107,5;-0,0119;22;6;2013;108,2
38080;111,3;115;107,6;-0,0161;21;6;2013;109,5
43090;108,3;114,5;107,1;0,0281;20;6;2013;111,3
17570;107,3;111;104,7;0,0084;19;6;2013;108,3
60610;101,9;113,3;101;0,053;18;6;2013;107,3
15190;99,9;102,4;98,9;0,0205;17;6;2013;101,9
8660;99,8;101,8;98,9;0,001;16;6;2013;99,9
22530;100;103,7;97,5;-0,002;15;6;2013;99,8
36050;103,9;104,7;97,1;-0,038;14;6;2013;100
30440;108,8;110,3;100,3;-0,0444;13;6;2013;103,9
17700;109;112,3;106;-0,002;12;6;2013;108,8
16129,999999999998;106,3;109,6;103,2;0,0249;11;6;2013;109
64319,999999999993;100,4;110,6;95;0,0588;10;6;2013;106,3
149430;107,9;109;88;-0,0691;9;6;2013;100,4
17220;111;113,2;107;-0,028;8;6;2013;107,9
65770;119;119,1;106,2;-0,067;7;6;2013;111
22100;121,9;123,3;117;-0,024;6;6;2013;119
16640;121,4;123,5;119,5;0,0041;5;6;2013;121,9
21950;120,7;124;118,8;0,0055;4;6;2013;121,4
28900;122,5;122,8;115,1;-0,0144;3;6;2013;120,7
101140;129,3;130,1;115;-0,0526;2;6;2013;122,5
6360;128,8;129,8;127,1;0,0037;1;6;2013;129,3
41980;6,4;6,7;6,4;0,0358;27;6;2012;6,7
48740;6,3;6,5;6,3;0,019;26;6;2012;6,4
33950;6,4;6,5;6,3;-0,0124;24;6;2012;6,3
20120;6,6;6,7;6,4;-0,0183;23;6;2012;6,4
56820;6,7;6,8;6,4;-0,0195;22;6;2012;6,6
64069,999999999993;6,5;6,7;6,4;0,0262;20;6;2012;6,7
43880;6,3;6,5;6,3;0,0301;19;6;2012;6,5
46830;6,2;6,4;6;0,0244;18;6;2012;6,3
48800;6,4;6,5;6,1;-0,0375;17;6;2012;6,2
78200;6,5;6,6;6,3;-0,0154;16;6;2012;6,4
65640;5,9;6,6;5,9;0,0924;15;6;2012;6,5
57240;5,7;6;5,7;0,0404;13;6;2012;5,9
78980;5,6;5,8;5,5;0,0233;12;6;2012;5,7
40260;5,5;5,6;5,4;0,0183;11;6;2012;5,6
24400;5,6;5,6;5,4;-0,0162;10;6;2012;5,5
37120;5,6;5,7;5,5;-0,0124;9;6;2012;5,6
48070;5,5;5,6;5,4;0,0238;7;6;2012;5,6
83930;5,3;5,5;5,2;0,0323;5;6;2012;5,4
51240;5,2;5,3;5,2;0,0115;4;6;2012;5,3
44690;5,2;5,3;5,2;0,0174;1;6;2012;5,3
34960;16,9;17;15,7;-0,0445;30;6;2011;16,1
21040;17;17,2;16,7;-0,0059;29;6;2011;16,9
24400;16,8;17,5;16,5;0,0119;28;6;2011;17
31450;16,5;18;15;0,0182;27;6;2011;16,8
15050;17,5;17,5;14;-0,0605;26;6;2011;16,5
30180;16,9;18,9;16,9;0,0367;19;6;2011;17,5
35540;15,7;17;15,1;0,0772;18;6;2011;16,9
108620;17;18,3;13;-0,0776;17;6;2011;15,7
49200;19,5;19,9;17;-0,1278;16;6;2011;17
27710;19,3;20;19;0,0109;15;6;2011;19,5
36160;19,8;20,5;18;-0,0282;14;6;2011;19,3
73420;18,5;24,5;16;0,0695;13;6;2011;19,8
151190;14,6;25;10,3;0,2662;12;6;2011;18,5
121870;24;24;13;-0,3883;11;6;2011;14,6
92210;28,9;29,4;20;-0,1719;10;6;2011;24
62930;29,6;31,5;26,1;-0,023;9;6;2011;28,9
104930;23,9;31,9;22,2;0,2375;8;6;2011;29,6
53720;18,5;24,3;18,3;0,2895;7;6;2011;23,9
55090;16,7;19,2;16,5;0,1108;6;6;2011;18,5
24280;18,9;19;16,2;-0,1159;5;6;2011;16,7
44480;14,3;18,9;14;0,3219;4;6;2011;18,9
72980;10,6;14,5;10,6;0,3481;3;6;2011;14,3
41050;9,6;10,9;9,5;0,1076;2;6;2011;10,6
43480;8,7;9,7;8,3;0,095;1;6;2011;9,6
1060000;10190,7;10207,3;9347,3;-0,0649;2;6;2020;9527,6
1090000;11288,4;12461,8;10970,5;0,0993;28;6;2019;12409,1
1590000;13062,4;13422;10493,5;-0,1359;27;6;2019;11287,8
1480000;11811,6;13929,8;11747,3;0,1062;26;6;2019;13063,8
1090000;10178,1;11160,5;10031,3;0,0533;22;6;2019;10721,7
33530;37857,6;38144,4;37509,2;-0,0038;30;11;2023;37712,9
49340;37823,3;38362,9;37607,6;0,0009;29;11;2023;37855,5
57500;37244,3;38379,4;36881,1;0,0154;28;11;2023;37823,3
45240;37451,8;37563,3;36751,5;-0,0054;27;11;2023;37248,6
29200;37786,4;37819,1;37166,3;-0,0089;26;11;2023;37451,8
16090;37718,6;37887,4;37599,9;0,0018;25;11;2023;37787
65830;37295;38400,8;37257,4;0,0114;24;11;2023;37717,3
32350;37410,8;37642,5;36915,3;-0,0031;23;11;2023;37293,1
64810;35797,5;37862,5;35695,6;0,0446;22;11;2023;37410,8
71070;37452,7;37631,2;35799,2;-0,0438;21;11;2023;35813,6
51800;37356,6;37735,6;36857,6;0,0027;20;11;2023;37454,1
26140;36568,6;37504,6;36393,3;0,0215;19;11;2023;37354,2
20880;36617,5;36845,2;36220,6;-0,0007;18;11;2023;36568,6
51370;36161,8;36690,6;35875,2;0,012;17;11;2023;36595,4
66920;37873,9;37907,6;35561,6;-0,0452;16;11;2023;36161,2
75510;35549,3;37954,1;35379,6;0,0654;15;11;2023;37874,9
63560;36478,3;36744,5;34984,3;-0,0255;14;11;2023;35549,3
44550;37067,8;37404,6;36358,4;-0,0158;13;11;2023;36478,3
21450;37149;37215,3;36761,9;-0,0023;12;11;2023;37064,4
29530;37306,3;37401,3;36767,6;-0,0041;11;11;2023;37150,5
59560;36700,5;37496,1;36347,2;0,0164;10;11;2023;37303
115560;35636,9;37942;35578,1;0,0298;9;11;2023;36700,5
46330;35426,2;36050,2;35148,8;0,006;8;11;2023;35636,9
53490;35042,1;35877,9;34536,9;0,011;7;11;2023;35426,1
29810;35020,3;35275,6;34742,9;0,0006;6;11;2023;35042
31020;35065,8;35360,2;34550;-0,0013;5;11;2023;35019,4
23800;34718,6;35242,2;34601,1;0,01;4;11;2023;35065,8
54540;34931,4;34940,6;34124,2;-0,0061;3;11;2023;34718,7
63660;35423,8;35907,6;34357,4;-0,0139;2;11;2023;34931,4
71660;34648,3;35557,5;34138,7;0,0223;1;11;2023;35423,8
348220;16440,8;17215,5;16433,2;0,044;30;11;2022;17163,9
271580;16211,9;16531,4;16100,1;0,0141;29;11;2022;16440,4
284840;16426,1;16481,4;16013,5;-0,013;28;11;2022;16211,7
173250;16456,4;16595,4;16414,6;-0,0019;27;11;2022;16425,6
194940;16512,3;16686,3;16387,9;-0,0034;26;11;2022;16456,5
204070;16600,6;16611,8;16360,9;-0,0054;25;11;2022;16512,3
229590;16604,9;16785,6;16472;-0,0014;24;11;2022;16601,2
305080;16216,9;16677,6;16162,3;0,0253;23;11;2022;16623,9
287210;15776,6;16274,6;15620,4;0,0277;22;11;2022;16212,9
372150;16278,6;16287,9;15504,2;-0,0313;21;11;2022;15776,2
172830;16699,3;16749,3;16209,2;-0,0247;20;11;2022;16286,7
114890;16652,2;16814,9;16608,9;0,0037;19;11;2022;16699,2
241960;16715,4;16846,3;16553;-0,0032;18;11;2022;16638,3
257000;16540,5;16739,7;16425,8;0,0091;17;11;2022;16691,2
295730;16895,4;16993,4;16408,2;-0,021;16;11;2022;16540,5
337150;16615;17112;16543,9;0,0169;15;11;2022;16895,1
442460;16325;17158,4;15834;0,0177;14;11;2022;16613,7
210800;16803,9;16946,5;16274,9;-0,028;13;11;2022;16324,5
192910;17049,9;17100,8;16633,9;-0,0149;12;11;2022;16795,2
466350;17589,1;17679,4;16435,5;-0,0307;11;11;2022;17049,9
720740;15887;18138,2;15799,3;0,1071;10;11;2022;17589,1
869570;18538,9;18583,8;15603,3;-0,1425;9;11;2022;15886,9
865100;20589;20667,5;17260;-0,1001;8;11;2022;18527,4
414240;20916,3;21055,4;20410,5;-0,0156;7;11;2022;20589
242260;21298,7;21360,4;20901;-0,0181;6;11;2022;20916,3
261230,00000000003;21145,7;21464,7;21084,1;0,0074;5;11;2022;21301,6
499500;20206,4;21281,9;20184,6;0,0465;4;11;2022;21145,9
347230;20154;20384,5;20066,6;0,0026;3;11;2022;20206,4
420230;20482,9;20778,3;20065,8;-0,0161;2;11;2022;20154,4
302720;20496,1;20676,6;20348,1;-0,0006;1;11;2022;20483,5
73660;57795,2;59174,4;55936,9;-0,0158;30;11;2021;56882,9
58650;57288,1;58855,2;56726,7;0,0088;29;11;2021;57794,8
49280;54758;57392,3;53448,3;0,0461;28;11;2021;57291,5
40710;53747,2;55280,3;53654,3;0,0193;27;11;2021;54765,9
104030;58937,3;59151,1;53533,5;-0,0883;26;11;2021;53730,9
56790;57167,1;59387,3;57029,8;0,0308;25;11;2021;58935,1
56680;57559,4;57697,4;55910,6;-0,007;24;11;2021;57171,7
72480;56304,8;57855,1;55542,5;0,0225;23;11;2021;57573,2
76450;58719,7;59288,3;55656,8;-0,041;22;11;2021;56308,8
40980;59724;60002,6;58528,3;-0,0168;21;11;2021;58714,3
44530;58080,8;59854,6;57435,3;0,0281;20;11;2021;59717,6
74440;56908,3;58335,9;55626,3;0,0198;19;11;2021;58083,4
100370;60368,2;60936,9;56524,4;-0,0565;18;11;2021;56955,3
73930;60074,2;60814,5;58531,9;0,0046;17;11;2021;60367,8
115360;63605,1;63605,6;58655,9;-0,0552;16;11;2021;60089,1
53530;65514,9;66311,2;63439,5;-0,0292;15;11;2021;63597,9
33980;64397,2;65508,2;63608,3;0,0172;14;11;2021;65508,2
30340;64133,3;64906;63381,4;0,0041;13;11;2021;64398,6
63270;64782,6;65449,7;62309,7;-0,0104;12;11;2021;64134,5
50370;64922,8;65583,3;64121,9;-0,0019;11;11;2021;64806,7
96210;66942,6;68990,6;62951,3;-0,0295;10;11;2021;64932,6
66130;67528,7;68493,3;66334,9;-0,0092;9;11;2021;66904,4
81080;63276,4;67763,3;63276,4;0,0672;8;11;2021;67527,9
34340;61483,8;63273,2;61347,2;0,0291;7;11;2021;63273,2
34890;60973,2;61543,2;60093,6;0,0084;6;11;2021;61483,9
44460;61411,5;62560,3;60742,4;-0,0071;5;11;2021;60974,3
49910;62915,4;63077,6;60742,9;-0,0239;4;11;2021;61412,6
61050;63223,5;63508,6;60883;-0,0048;3;11;2021;62918,5
65260,000000000007;60912,2;64256,4;60651,5;0,0379;2;11;2021;63221,7
61210;61310,1;62430,1;59612,7;-0,0064;1;11;2021;60915,3
185590;18186;19831,2;18186;0,0832;30;11;2020;19698,1
79120;17729,7;18336,3;17530,4;0,0257;29;11;2020;18185,5
95200;17142,6;17874,4;16874,4;0,0352;28;11;2020;17730,7
138800;17160,9;17450,3;16481,6;-0,002;27;11;2020;17127,1
312070;18721,9;18894,9;16235,2;-0,0834;26;11;2020;17162
146120;19151,5;19486,7;18527,7;-0,0224;25;11;2020;18723
180790;18394,6;19416,6;18074,8;0,0421;24;11;2020;19152,6
127350;18428,1;18756,8;18016;-0,0018;23;11;2020;18379,6
121760;18689,3;18751,5;17644,6;-0,0147;22;11;2020;18412,9
108910;18673,8;18966;18397,5;0,0006;21;11;2020;18687,2
134420;17805,5;18811;17758,4;0,049;20;11;2020;18675,2
135940;17775,1;18166;17380,1;0,0016;19;11;2020;17803,5
233430;17662,3;18466,1;17258,9;0,0064;18;11;2020;17774,6
175870;16715,8;17845,4;16562;0,0566;17;11;2020;17662,3
118090;15954,1;16880,7;15870,7;0,0478;16;11;2020;16715,8
58430;16074,7;16158,1;15782,3;-0,0073;15;11;2020;15953
83640;16323,1;16328,2;15717,7;-0,0155;14;11;2020;16071
113750;16293;16474,1;15973,4;0,0018;13;11;2020;16324,2
165540;15695,8;16342,7;15483,5;0,0382;12;11;2020;16294,7
119070;15303,1;15953,9;15281;0,0256;11;11;2020;15695,8
93360;15328;15465,3;15096,5;-0,0015;10;11;2020;15303,6
165040;15483,3;15819,6;14816,9;-0,0101;9;11;2020;15327,2
94990;14826,6;15648,3;14720,7;0,0442;8;11;2020;15483,7
160730;15578,2;15754,4;14385,1;-0,0481;7;11;2020;14828,4
186130;15593,9;15955,2;15223,5;-0,0006;6;11;2020;15577,9
227490;14145,6;15739,9;14099,7;0,1019;5;11;2020;15587,1
140800;14023;14238,8;13544,4;0,009;4;11;2020;14145,6
108170;13560,5;14054;13294,6;0,0338;3;11;2020;14019,9
97760;13759,7;13828,4;13214,2;-0,0144;2;11;2020;13561,4
51710;13795,5;13889,5;13628,7;-0,0027;1;11;2020;13759,4
650600;7742,7;7787,7;7472,7;-0,0253;30;11;2019;7546,6
766710;7426,6;7825,3;7412,3;0,0426;29;11;2019;7742,7
737580;7510,6;7639,5;7380,6;-0,0112;28;11;2019;7426,7
996490;7162,8;7636,9;6875,4;0,0486;27;11;2019;7510,6
844270;7115,5;7329,5;7045,1;0,0066;26;11;2019;7162,8
904500;7325;7344,1;6894,9;-0,0545;24;11;2019;6924,7
783180;7271,6;7342,5;7093,7;0,0071;23;11;2019;7324,1
891500;8099,4;8129,6;7519,7;-0,0582;21;11;2019;7627,9
607270;8145,7;8223;8074,2;-0,0057;20;11;2019;8099,3
654270;8207,7;8245,6;8032,8;-0,0076;19;11;2019;8145,7
692600;8510,3;8516,3;8110,4;-0,0354;18;11;2019;8208,4
531220;8497,4;8631,7;8413;0,0015;17;11;2019;8509,8
471160;8476,2;8532,8;8450,7;0,0025;16;11;2019;8497,3
653710;8660,8;8761,8;8437,1;-0,0213;15;11;2019;8476,3
515429,99999999994;8782,9;8799,8;8615,8;-0,0139;14;11;2019;8661,2
454330;8813,2;8829,7;8721,1;-0,0033;13;11;2019;8783,1
575160;8737,4;8841,2;8615,7;0,0087;12;11;2019;8812,6
601160;9036,9;9066,4;8649,4;-0,0332;11;11;2019;8736,9
581570;8804,7;9092,9;8763,5;0,0264;10;11;2019;9036,8
512020;8778,1;8877,5;8746,9;0,003;9;11;2019;8804,5
791790;9223,6;9254,8;8722,4;-0,0483;8;11;2019;8778,2
603540;9339,2;9367;9130;-0,0124;7;11;2019;9223,5
578030;9311,2;9424,6;9262,7;0,003;6;11;2019;9338,9
653420;9396,1;9452,7;9193,9;-0,0091;5;11;2019;9310,8
681010;9198,7;9500,4;9134,1;0,0215;4;11;2019;9396,4
536560;9300,5;9359,1;9095;-0,011;3;11;2019;9198,3
570740;9230,3;9356,7;9201,2;0,0076;2;11;2019;9300,6
689650;9153,1;9270,4;9057,2;0,0085;1;11;2019;9230,1
444520;4296,8;4340,6;3954,5;-0,0598;30;11;2018;4039,7
414460;4265,5;4440,1;4140,6;0,0073;29;11;2018;4296,5
533040;3866,4;4391,8;3866,4;0,1032;28;11;2018;4265,4
457270;3840,3;3920,6;3687,8;0,0077;27;11;2018;3866,5
571040;4061;4179;3679,8;-0,0554;26;11;2018;3837
619950;3920,3;4198,4;3634,2;0,0362;25;11;2018;4062,2
382720;4397,3;4494,6;3821,5;-0,1086;24;11;2018;3920,4
348990;4360,9;4455,6;4223,7;0,0096;23;11;2018;4398
261850,00000000003;4646,4;4695,7;4346,7;-0,0609;22;11;2018;4356
412740;4523;4743,7;4393;0,0252;21;11;2018;4638,7
714080;4883,6;5013,4;4272,3;-0,0736;20;11;2018;4524,6
478260;5660,4;5662,5;4831,1;-0,1369;19;11;2018;4883,8
158680;5621;5727,9;5615,5;0,0065;18;11;2018;5658,3
156510;5636,2;5645,5;5561,4;-0,0026;17;11;2018;5621,8
224120;5723,5;5747,7;5539,7;-0,0145;16;11;2018;5636,2
375860;5854;5878,5;5384,1;-0,0211;15;11;2018;5718,9
438210;6428,9;6453,3;5619,2;-0,0913;14;11;2018;5842,4
137600;6435;6466,8;6386,7;-0,0009;13;11;2018;6429,2
130160;6445;6475,9;6409,4;-0,0017;12;11;2018;6435
127400;6427,1;6451,7;6359;0,003;11;11;2018;6446,1
115870;6411,9;6461,7;6411,7;0,0024;10;11;2018;6427,1
151600;6473,8;6496,1;6390;-0,0096;9;11;2018;6412
159300;6565,3;6577,3;6466,3;-0,0139;8;11;2018;6474
170760;6503,1;6594,3;6502;0,0096;7;11;2018;6565,3
154870;6460,4;6509,6;6441,6;0,0067;6;11;2018;6502,8
128509,99999999999;6478,2;6489,2;6431,7;-0,0029;5;11;2018;6459,7
128759,99999999999;6386,2;6508,9;6359,7;0,0144;4;11;2018;6478,2
112840;6424,5;6429,5;6346,2;-0,006;3;11;2018;6386,2
135870;6400,5;6444,3;6390,9;0,0038;2;11;2018;6424,7
124160;6365,9;6421,8;6354,2;0,0054;1;11;2018;6400,5
187010;9848;10689,1;9023,8;0,0111;30;11;2017;9946,8
233330;9906;11417,8;8938,7;-0,0069;29;11;2017;9837,9
87760;9732,6;9969,6;9638,2;0,0178;28;11;2017;9906
106900;9318,4;9733,6;9316,8;0,0445;27;11;2017;9733,2
85890;8754,6;9474,6;8746,6;0,0644;26;11;2017;9318,4
84670;8203,5;8762;8153,7;0,0675;25;11;2017;8754,7
73000;8013,4;8332,9;7900,2;0,0234;24;11;2017;8200,8
68010;8234,5;8266,5;8012,4;-0,0269;23;11;2017;8013,4
65810;8099,9;8304,4;8091,6;0,0166;22;11;2017;8234,5
115450;8245,9;8368,4;7819,1;-0,0176;21;11;2017;8100
75700;8042,6;8294,1;7947,3;0,0251;20;11;2017;8244,7
68620;7781;8100,9;7675,4;0,0336;19;11;2017;8042,6
74380;7700;7857,5;7458,9;0,0105;18;11;2017;7780,9
117350;7853,7;8000,2;7534,7;-0,0196;17;11;2017;7700
133940;7283;7964,6;7119,2;0,0783;16;11;2017;7853,7
131120;6597,1;7330,1;6596,9;0,104;15;11;2017;7283,2
96500;6522,5;6728,6;6419,2;0,0114;14;11;2017;6597,1
178340;5878,1;6760,1;5828,3;0,1096;13;11;2017;6522,5
269830;6339,9;6490,5;5493,6;-0,0728;12;11;2017;5878,1
135720;6565,8;6821,5;6197,9;-0,0344;11;11;2017;6339,9
222000;7129,6;7319;6406;-0,0791;10;11;2017;6565,8
126770;7444,4;7457,1;7040,8;-0,0423;9;11;2017;7129,6
220220;7102,2;7869,1;7027;0,0481;8;11;2017;7444,4
101050;6959,3;7222,4;6957,8;0,0206;7;11;2017;7102,8
159690;7389,5;7429,7;6934,7;-0,0582;6;11;2017;6959,2
105730;7363,8;7599,4;7284,3;0,0035;5;11;2017;7389,5
106600;7147;7492,2;6957,8;0,0296;4;11;2017;7363,8
154890;7024,8;7445,6;6938,9;0,0181;3;11;2017;7152,1
238800;6737,8;7339,9;6737,8;0,0426;2;11;2017;7024,8
133190;6449,1;6738,7;6355;0,0444;1;11;2017;6737,8
39280;732,6;745,4;730,6;0,0136;30;11;2016;742,5
32570;733,3;737;727,8;-0,001;29;11;2016;732,6
34120;729,4;738,1;727,7;0,0053;28;11;2016;733,3
21350;734,1;738,3;727,1;-0,0064;27;11;2016;729,4
22580;740,4;741;725,6;-0,0084;26;11;2016;734,1
28850;735,3;741,3;729;0,0069;25;11;2016;740,4
37240;741,1;744,2;726,2;-0,0078;24;11;2016;735,3
37870;749,3;750,9;731,3;-0,011;23;11;2016;741,1
44440;736,2;754;730,6;0,0179;22;11;2016;749,3
32509,999999999996;728,5;744,3;726,5;0,0105;21;11;2016;736,2
47420;747,9;752,3;712,8;-0,0259;20;11;2016;728,5
25630;747;755,3;737,4;0,0012;19;11;2016;747,9
39710;737,5;751,4;731;0,0128;18;11;2016;747
62770;740,3;751,9;730,1;-0,0037;17;11;2016;737,5
79570;711,1;746;708,1;0,041;16;11;2016;740,3
41400;704,6;716,9;697,9;0,0093;15;11;2016;711,1
37750;702;708;696,1;0,0037;14;11;2016;704,6
36140;704,3;705,6;685;-0,0033;13;11;2016;702
27600;715;717,4;701,1;-0,015;12;11;2016;704,3
25580;714,6;719,8;711,7;0,0006;11;11;2016;715
33330;721,4;723;707,3;-0,0095;10;11;2016;714,6
70700;710,9;741,2;707,1;0,0148;9;11;2016;721,4
39730;705,4;714,6;701;0,0078;8;11;2016;710,9
30740;709,9;711,7;698,3;-0,0064;7;11;2016;705,4
25810;702,1;714,1;697,6;0,0111;6;11;2016;709,9
48240;684,9;706,6;681,3;0,0251;4;11;2016;702,1
96410;733,5;744,4;670,4;-0,0663;3;11;2016;684,9
39040;726,8;735,8;718,1;0,0093;2;11;2016;733,5
68070;698,7;734,4;695,2;0,0402;1;11;2016;726,8
129770,00000000001;370,8;382,6;367,9;0,0192;30;11;2015;378
67370;355,8;372,8;354,5;0,0422;29;11;2015;370,8
56170;359,5;360,1;350,5;-0,0103;28;11;2015;355,8
103480;353,7;363,9;345,1;0,0163;27;11;2015;359,5
211380;327,5;368,9;327,4;0,0801;26;11;2015;353,7
77680;318,4;330;315,7;0,0288;25;11;2015;327,5
50660;322,1;323,3;315,5;-0,0117;24;11;2015;318,4
42730;322,8;325;319,9;-0,002;23;11;2015;322,1
36750;324,7;326,9;319,4;-0,0059;22;11;2015;322,8
45000;321,1;328,4;318,4;0,0111;21;11;2015;324,7
109990;325;327,1;309,5;-0,0119;20;11;2015;321,1
86380;335,9;335,6;323,4;-0,0326;19;11;2015;325
78360;333,9;337,4;329,4;0,006;18;11;2015;335,9
98250;330,2;342,9;328,1;0,0112;17;11;2015;333,9
87140;317,5;332;314,1;0,0402;16;11;2015;330,2
88320;331,8;334,8;314,2;-0,0432;15;11;2015;317,5
71110;333,8;369,8;326,4;-0,006;14;11;2015;331,8
97250;333,9;341,8;323,9;-0,0002;13;11;2015;333,8
164610;304,7;346,1;306,1;0,0956;12;11;2015;333,9
263960;336,7;341,8;292,4;-0,095;11;11;2015;304,7
210290;380,2;381,4;323,2;-0,1145;10;11;2015;336,7
125540;371,6;385,1;360,2;0,0233;9;11;2015;380,2
94360;385,1;389,8;365,5;-0,0351;8;11;2015;371,6
103030;369,8;391,8;369;0,0413;7;11;2015;385,1
255280;382,7;396,4;348,8;-0,0337;6;11;2015;369,8
302950;400,9;447,2;366,1;-0,0454;5;11;2015;382,7
517730;396,5;492,8;368,6;0,0111;4;11;2015;400,9
421990;359,3;416,8;354,6;0,1036;3;11;2015;396,5
223100;323;365,8;319,8;0,1125;2;11;2015;359,3
73710;311,2;324,3;304,7;0,0376;1;11;2015;323
11290;376,3;381,1;372,6;-0,0036;30;11;2014;374,9
83450;377,6;389,3;372,2;-0,0035;29;11;2014;376,3
43020;368,8;383,3;358,4;0,0238;28;11;2014;377,6
13850;365,4;374,4;364,8;0,0095;27;11;2014;368,8
23980;376,4;378,3;364;-0,0294;26;11;2014;365,4
45320;378,9;395,7;370,6;-0,0064;25;11;2014;376,4
24570;365,9;388,7;361,9;0,0355;24;11;2014;378,9
12410;352;370,6;352,6;0,0393;23;11;2014;365,9
12940;351,8;364,2;350,5;0,0007;22;11;2014;352
23470;357,3;358,7;343,8;-0,0155;21;11;2014;351,8
21980;381,4;383;355,1;-0,0633;20;11;2014;357,3
19870;379,2;389,3;374,3;0,006;19;11;2014;381,4
27090;384,7;394,9;372;-0,0144;18;11;2014;379,2
27600;385,6;412,3;378,3;-0,0024;17;11;2014;384,7
14350;374,9;390,4;370,5;0,0287;16;11;2014;385,6
13330;396,5;407,3;368;-0,0546;15;11;2014;374,9
35730;428,7;430,2;382;-0,0751;14;11;2014;396,5
58200;432;480,5;390,9;-0,0077;13;11;2014;428,7
38530;365,4;442,7;365,8;0,1823;12;11;2014;432
15790;367,1;371;361,9;-0,0047;11;11;2014;365,4
22810;362;374,7;356,6;0,0141;10;11;2014;367,1
12630;343,5;362,2;341,8;0,0539;9;11;2014;362
8189,9999999999991;341,9;346,3;339,8;0,0049;8;11;2014;343,5
15020;347,7;351,6;340,2;-0,0167;7;11;2014;341,9
15650;338;351,1;335,7;0,0286;6;11;2014;347,7
15840;328;342;326,5;0,0306;5;11;2014;338
15120;324,2;328,8;320,1;0,0115;4;11;2014;328
13430;322,5;332,9;321,7;0,0052;3;11;2014;324,2
11900;325,4;329,8;319,8;-0,0088;2;11;2014;322,5
13770;337,9;339;320,7;-0,0368;1;11;2014;325,4
15100;1206,9;1232,9;1150,2;-0,0011;30;11;2013;1205,7
38710;1101,4;1241,9;1050;0,0958;29;11;2013;1206,9
37400;1079,9;1224,5;1032,1;0,0199;28;11;2013;1101,4
37860;970;1094,8;914,3;0,1133;27;11;2013;1079,9
31610;830;975;825,1;0,1686;26;11;2013;970
26380;795;850;759;0,044;25;11;2013;830
25950;832,5;855;745,2;-0,045;24;11;2013;795
21310;802;890;799,5;0,038;23;11;2013;832,5
30150;764,9;822;682,3;0,0485;22;11;2013;802
38730;638;784,3;595,2;0,199;21;11;2013;764,9
91590;645,7;650;453,3;-0,012;20;11;2013;638
99100;785,4;900,9;502,6;-0,1779;19;11;2013;645,7
72070;528,3;787,9;522;0,4867;18;11;2013;785,4
26720;462;536,8;457;0,1436;17;11;2013;528,3
19140;433,9;476,9;428;0,0646;16;11;2013;462
28130;433,4;457,9;413;0,0012;15;11;2013;433,9
31410;434,9;447,5;402,5;-0,0033;14;11;2013;433,4
36020;380;445;372,2;0,1442;13;11;2013;434,9
22030;363;391,8;359;0,047;12;11;2013;380
18000;336,3;376;321,4;0,0793;11;11;2013;363
74250;367,8;372,5;290;-0,0856;10;11;2013;336,3
49910;355;395;340;0,036;9;11;2013;367,8
44630;309,6;358;308;0,1465;8;11;2013;355
86130;264,1;324,2;263,6;0,1725;7;11;2013;309,6
38820;251,3;272,5;251,4;0,0509;6;11;2013;264,1
45100;238,2;258,9;229;0,0552;5;11;2013;251,3
18060;224;239;221,9;0,0632;4;11;2013;238,2
12270;211,7;226,9;212,1;0,0582;3;11;2013;224
4880;213,4;214,9;211;-0,0082;2;11;2013;211,7
5880;211,2;214,9;209,7;0,0107;1;11;2013;213,4
24350;12,4;12,6;12,4;0,0096;30;11;2012;12,6
26510;12,4;12,6;12,1;0,0081;29;11;2012;12,4
30690;12,2;12,4;12,1;0,0123;28;11;2012;12,4
33200;12,3;12,3;11,9;-0,0041;27;11;2012;12,2
35910;12,5;12,6;11,9;-0,0184;26;11;2012;12,3
24020;12,4;12,6;12,3;0,0056;25;11;2012;12,5
19570;12,4;12,5;12,3;0,0049;24;11;2012;12,4
18970;12,4;12,4;12,1;-0,0056;23;11;2012;12,4
58300;11,8;12,4;11,7;0,0552;22;11;2012;12,4
27220;11,8;11,8;11,6;-0,0059;20;11;2012;11,7
25200;11,6;11,8;11,6;0,0129;19;11;2012;11,8
15510;11,8;11,8;11,6;-0,0119;18;11;2012;11,6
58250;11,2;11,8;11,2;0,0491;16;11;2012;11,8
31900;10,9;11,3;10,9;0,0228;15;11;2012;11,2
16760;11;11,1;10,9;-0,0054;13;11;2012;10,9
39220;10,9;11,2;10,8;0,0129;12;11;2012;11
13490;10,8;11;10,8;0,0065;10;11;2012;10,9
14730;10,9;11;10,8;-0,0101;9;11;2012;10,8
27000;10,8;10,9;10,7;0,014;6;11;2012;10,9
21780;10,8;10,9;10,6;-0,0046;5;11;2012;10,8
16750;10,6;10,9;10,5;0,015;4;11;2012;10,8
16730;10,5;10,6;10,4;0,0162;3;11;2012;10,6
24490;10,6;10,8;10,3;-0,0095;2;11;2012;10,5
50360;11,2;11,3;10,4;-0,0563;1;11;2012;10,6
120150;2,8;3,1;2,7;0,08;30;11;2011;3
180530;2,5;3;2,5;0,0784;29;11;2011;2,8
41260;2,5;2,5;2,4;0,0282;28;11;2011;2,5
44410;2,4;2,5;2,4;0,0329;25;11;2011;2,5
87270;2,3;2,6;2,3;0,0429;24;11;2011;2,4
41730;2,2;2,3;2,2;0,0409;21;11;2011;2,3
78300;2;2,3;2;0,0732;19;11;2011;2,2
98140;2,3;2,4;2;-0,0889;18;11;2011;2
117280;2,6;2,6;2;-0,1211;17;11;2011;2,3
44210;2,3;2,6;2,3;0,0987;16;11;2011;2,6
76420;2,2;2,5;2,1;0,0495;15;11;2011;2,3
382190;3;3;2,1;-0,26;14;11;2011;2,2
44850;2,8;3,1;2,8;0,0845;11;11;2011;3,1
33930;3;3;2,8;-0,0373;10;11;2011;2,8
52200;3;3,1;2,9;-0,0296;9;11;2011;3
52960;3,1;3,2;2,8;-0,045;5;11;2011;3
24520;3,3;3,3;3,1;-0,0308;3;11;2011;3,2
32310,000000000004;3,2;3,4;3,1;0,0317;2;11;2011;3,3
37890;3,3;3,3;3,1;-0,0308;1;11;2011;3,2
118200;0,3;0,4;0,2;-0,2853;8;11;2010;0,2
32759,999999999996;0,3;0,5;0,2;0,5;6;11;2010;0,4
1290000;6924,7;7352,8;6534,8;0,0276;25;11;2019;7115,6
1410000;7627,9;7700,9;6818,5;-0,0466;22;11;2019;7272,5
17550;26908,1;27085,7;26887,5;0,002;30;9;2023;26962,7
42240;27022,6;27229,5;26728,8;-0,0042;29;9;2023;26909,8
64560;26368,2;27283,6;26339,4;0,0249;28;9;2023;27022,6
50800;26218,9;26836,9;26109,1;0,0056;27;9;2023;26366,1
26410;26303,1;26396,2;26093,4;-0,0032;26;9;2023;26218,9
38200;26251,6;26423,6;26013,6;0,002;25;9;2023;26302,7
22320;26579;26727,6;26162,2;-0,0123;24;9;2023;26251,5
12920;26581,7;26636,2;26517,5;-0,0001;23;9;2023;26579,2
28790;26569,5;26736,4;26488,5;0,0004;22;9;2023;26581,9
47810;27125,2;27155,6;26382,3;-0,0205;21;9;2023;26570
47230;27209,2;27378,6;26851,8;-0,0031;20;9;2023;27125
52170;26759;27480,7;26672,2;0,0167;19;9;2023;27209,2
63350;26530,3;27413,3;26405,2;0,0088;18;9;2023;26763,5
16570;26562;26614,4;26408,7;-0,0012;17;9;2023;26529,1
18450;26599,9;26769;26463,5;-0,0015;16;9;2023;26562
36470;26523,3;26837,4;26233,1;0,0029;15;9;2023;26601
53820;26223;26760,3;26148,6;0,0115;14;9;2023;26524,7
42580;25836,1;26382,3;25766,9;0,015;13;9;2023;26223
78710;25166,4;26472,6;25133,5;0,0265;12;9;2023;25834,5
56320;25840,2;25897,4;24923,1;-0,0261;11;9;2023;25166,4
23600;25901,1;25995,1;25626,7;-0,0024;10;9;2023;25840,2
13480;25909,5;25938,5;25814,3;-0,0003;9;9;2023;25901,1
41010;26248,5;26415,4;25701,6;-0,013;8;9;2023;25909,5
39770;25758;26417,7;25626,5;0,0191;7;9;2023;26249,8
37780;25790,1;26018,4;25411,7;-0,0013;6;9;2023;25758
28400;25824,4;25864;25596,3;-0,0013;5;9;2023;25790,2
27130;25971;26094,2;25660,9;-0,0057;4;9;2023;25823,3
21360;25869,7;26090,4;25816,6;0,0039;3;9;2023;25971
21240;25803,5;25977,4;25752,7;0,0026;2;9;2023;25869,7
58080;25938,3;26144,9;25361,9;-0,0052;1;9;2023;25803,2
490290;19593,4;20174,9;19208,9;-0,0087;30;9;2022;19423
449570;19420,2;19631,5;18877,9;0,0094;29;9;2022;19593
581190;19083,4;19757,8;18505,3;0,0173;28;9;2022;19411
660120;19228,8;20361,2;18850,4;-0,0075;27;9;2022;19081
516030;18803,1;19304,8;18695,2;0,0225;26;9;2022;19225,7
209710;18925,1;19125,1;18659,6;-0,0064;25;9;2022;18803,2
258500;19288,4;19310,6;18812;-0,0191;24;9;2022;18925,2
431150;19404,1;19477,3;18554,8;-0,0057;23;9;2022;19293,5
448630;18488,1;19490,9;18371;0,0495;22;9;2022;19404
446850;18875,1;19758,4;18191,8;-0,0203;21;9;2022;18489
361180;19538,9;19626,3;18742,6;-0,0341;20;9;2022;18872,4
423430;19417,4;19666,6;18277,8;0,0062;19;9;2022;19538,9
273110;20113,9;20113,9;19347,7;-0,0345;18;9;2022;19418,8
204580;19802,8;20178,6;19761;0,0157;17;9;2022;20113,5
315590;19701,9;19883;19352,9;0,0051;16;9;2022;19802,4
358420;20222,3;20321,4;19532,3;-0,0258;15;9;2022;19701,7
374220;20175,5;20503,7;19654,2;0,0023;14;9;2022;20222,5
485320;22395,3;22702,5;19909,6;-0,0991;13;9;2022;20175,5
431980;21836,6;22465,4;21581,6;0,0257;12;9;2022;22395,3
297120;21650,4;21836,4;21363;0,0085;11;9;2022;21834,9
331120;21363,8;21790,6;21139,9;0,0133;10;9;2022;21650,4
480370;19318,8;21545,7;19294,1;0,106;9;9;2022;21365,2
291430;19281,5;19444,7;19034,5;0,0019;8;9;2022;19317,4
319100;18786,3;19445,9;18548,4;0,0264;7;9;2022;19281,5
402430;19793,4;20169,3;18723,3;-0,0509;6;9;2022;18786,4
238710;19999,9;20042,9;19650,7;-0,0103;5;9;2022;19793,1
158270;19832,2;20017,8;19594,7;0,0085;4;9;2022;19999,9
157850;19952,8;20043,8;19660,7;-0,0061;3;9;2022;19831,4
272220;20131,6;20428,2;19764,7;-0,0086;2;9;2022;19952,7
275080;20049,9;20202,7;19584,4;0,0041;1;9;2022;20126,1
64319,999999999993;41534,5;44101,2;41416,7;0,055;30;9;2021;43823,3
48210;41023,1;42571,2;40815;0,0125;29;9;2021;41536,8
60010;42169,9;42758,8;40906,4;-0,0273;28;9;2021;41022,3
54120;43200,9;44293,2;42143,9;-0,0239;27;9;2021;42172,6
69910;42685,8;43907,3;40786,6;0,0121;26;9;2021;43203,4
46350;42818,7;42959,3;41714,5;-0,0031;25;9;2021;42686,8
128880;44867,4;45112;40908,5;-0,0457;24;9;2021;42819,9
74540;43550,7;44949,8;43090,1;0,0303;23;9;2021;44869,2
93980;40660,8;43976,7;40585,7;0,0713;22;9;2021;43551,6
142550;43012,3;43619,3;39646,8;-0,0518;21;9;2021;40651,3
77960;47240,8;47323,9;42547,1;-0,0925;20;9;2021;42870,6
41980;48299,9;48341,9;46866,6;-0,0221;19;9;2021;47238,7
43640;47283,9;48761;47070,5;0,0217;18;9;2021;48306,7
50160;47748,2;48155,9;46788,8;-0,0097;17;9;2021;47282,8
60910;48132,3;48480,6;47040,3;-0,008;16;9;2021;47748
63400;47070,8;48436,5;46743,9;0,0224;15;9;2021;48130,6
65330;44950,2;47247,6;44718,7;0,0473;14;9;2021;47077,5
96150;46060,8;46807,7;43463,2;-0,0242;13;9;2021;44949,5
44520;45162,6;46386,4;44755,2;0,0199;12;9;2021;46062,3
41580;44844,9;45975,6;44766,6;0,0071;11;9;2021;45161,9
75620;46385,9;47021,6;44283,6;-0,0333;10;9;2021;44842,8
73630;46057,6;47305,7;45609;0,007;9;9;2021;46385,6
100480;46774,1;47316,9;44493,7;-0,0154;8;9;2021;46061,4
187560;52674,2;52885,3;43072,4;-0,1119;7;9;2021;46779,6
69460;51769,4;52726,2;51002,8;0,0175;6;9;2021;52672,1
57300;49918,7;51878,2;49492,4;0,0371;5;9;2021;51768,6
48140;49999,3;50534,6;49461,4;-0,0016;4;9;2021;49918,4
88080;49269,5;51008,8;48377,3;0,0147;3;9;2021;49999
80210;48817,8;50355,3;48612,9;0,0093;2;9;2021;49274,3
74380;47129,2;49121;46533,1;0,0358;1;9;2021;48819,4
55550;10843,4;10847,7;10667,6;-0,006;30;9;2020;10776,1
59640;10694,3;10858,4;10642,4;0,0138;29;9;2020;10840,9
72290;10776,4;10946,6;10685,2;-0,0077;28;9;2020;10693,2
40920;10727,9;10799,2;10602,7;0,0045;27;9;2020;10776,2
37850;10688,9;10793,3;10650,2;0,0037;26;9;2020;10727,9
71430;10739,9;10756;10558,9;-0,0047;25;9;2020;10688,8
82950;10238,1;10787,8;10201;0,049;24;9;2020;10739,4
74950;10531,5;10535,4;10146,6;-0,0279;23;9;2020;10237,3
63520;10419,4;10570,7;10361,7;0,011;22;9;2020;10531,5
109850;10919,9;10987,2;10328,5;-0,0462;21;9;2020;10416,8
53390;11081,6;11081,6;10772,7;-0,0145;20;9;2020;10921,5
51630;10933;11177,1;10890,7;0,0136;19;9;2020;11081,8
63480;10941,3;11029,7;10818,7;-0,0008;18;9;2020;10933
77220;10950,1;11039,3;10755,2;-0,0007;17;9;2020;10941,3
94940;10785,2;11093,3;10669,2;0,0152;16;9;2020;10949,5
91700;10675,2;10931,8;10627,8;0,0103;15;9;2020;10785,3
96640;10332,7;10744,3;10264,5;0,0338;14;9;2020;10675,3
66120;10441,7;10579,6;10219,4;-0,0111;13;9;2020;10326
48490;10390,2;10476,8;10275,9;0,005;12;9;2020;10441,9
62280;10339,8;10398,8;10212,6;0,0049;11;9;2020;10390,2
88010;10224,3;10480,3;10219,2;0,0113;10;9;2020;10339,7
71370;10126,8;10343,3;9984,6;0,0097;9;9;2020;10224,6
113900;10376,9;10434,4;9877,1;-0,0241;8;9;2020;10126,6
580690;11644,2;12045,9;11544,6;0,0232;1;9;2020;11914,9
600260;8048,9;8318,5;7749;0,0292;30;9;2019;8284,3
418480;8208;8226,8;7922,1;-0,0194;29;9;2019;8049,1
457790;8184,5;8297,2;8031,1;0,0029;28;9;2019;8208,5
561400;8063,8;8257,4;7882,1;0,015;27;9;2019;8184,9
731030;8432,5;8463,1;7773,6;-0,0437;26;9;2019;8063,8
696110;8512,3;8729,8;8245,1;-0,0096;25;9;2019;8432,4
933160;9702,7;9793,8;8069,4;-0,1225;24;9;2019;8513,9
431100;10031,3;10048,8;9656,3;-0,0328;23;9;2019;9702,2
337060;9993;10075;9870,9;0,0039;22;9;2019;10031,6
326170;10172,8;10177,9;9939,8;-0,0177;21;9;2019;9993
362070;10251,5;10279,5;10088,6;-0,0076;20;9;2019;10172,7
542250;10164,6;10297,6;9707,6;0,0084;19;9;2019;10250,5
318820;10195,7;10257,5;10119,3;-0,003;18;9;2019;10164,7
321640;10254,6;10273,6;10153,5;-0,0058;17;9;2019;10195,7
372530;10311,3;10360,5;10108,5;-0,0054;16;9;2019;10255,5
255790;10337,3;10360,4;10272;-0,0025;15;9;2019;10311,5
326440;10342,2;10421,4;10253,7;-0,0005;14;9;2019;10337,3
365520;10415,2;10441,4;10174,1;-0,007;13;9;2019;10342,1
413220;10162,4;10447,9;10051;0,0249;12;9;2019;10415,1
413060;10104,9;10257,5;9908,9;0,0057;11;9;2019;10162,5
383220;10308,7;10379,8;9970,7;-0,0198;10;9;2019;10105,4
473760;10402,1;10478;10095,7;-0,009;9;9;2019;10309
339730;10461,6;10578;10266,3;-0,0056;8;9;2019;10402,8
393570;10306,9;10556,4;10302,3;0,0147;7;9;2019;10461,1
643020;10566,7;10896,2;10227,4;-0,0244;6;9;2019;10309,3
402090;10567,8;10630,7;10469,9;-0,0001;5;9;2019;10566,9
504450;10611,6;10783,6;10388,6;-0,0042;4;9;2019;10568,2
578790;10348,1;10756,8;10283,5;0,0255;3;9;2019;10612,3
542790;9728,8;10431,5;9720,3;0,0637;2;9;2019;10348,8
322660;9594,7;9799,5;9533,6;0,0141;1;9;2019;9729,3
67490;4172,8;4383,3;4164,3;0,045;30;9;2017;4360,6
97800;4195,6;4237,5;4030,4;-0,0054;29;9;2017;4172,8
92230;4212,2;4274,6;4112,9;-0,0039;28;9;2017;4195,6
117600;3892,7;4232,4;3882,1;0,0821;27;9;2017;4212,2
63250;3932,8;3982,3;3858,8;-0,0102;26;9;2017;3892,7
100200;3667,5;3971,5;3665,7;0,0723;25;9;2017;3932,8
49660;3788;3790,9;3633,9;-0,0318;24;9;2017;3667,5
67820;3600,8;3813,4;3563,2;0,052;23;9;2017;3788
114720;3617,3;3753,5;3505,8;-0,0045;22;9;2017;3600,8
145130;3882,2;3912,8;3576,5;-0,0682;21;9;2017;3617,3
86650;3908;4053;3846,8;-0,0066;20;9;2017;3882,2
123220;4100,3;4120,7;3852,2;-0,0469;19;9;2017;3908
147930;3689,6;4122,8;3689;0,1113;18;9;2017;4100,3
96070;3698,9;3796,6;3485,8;-0,0025;17;9;2017;3689,6
169360;3713,8;3893,7;3551,8;-0,004;16;9;2017;3698,9
448550;3243,1;3824,4;2979,9;0,1451;15;9;2017;3713,8
317590;3870,3;3930,7;3219;-0,1621;14;9;2017;3243,1
186540;4158,9;4174,6;3752;-0,0694;13;9;2017;3870,3
107040;4217,9;4387,8;4075;-0,014;12;9;2017;4158,9
88760;4245,9;4364,4;4134,6;-0,0066;11;9;2017;4217,9
108080;4335,1;4338,1;4032,1;-0,0206;10;9;2017;4245,9
77090;4326,5;4402,1;4185,3;0,002;9;9;2017;4335,1
180360;4635,6;4699,6;4130,9;-0,0667;8;9;2017;4326,5
70530;4618,7;4690,5;4493,2;0,0037;7;9;2017;4635,6
110930;4409,1;4660;4401,5;0,0475;6;9;2017;4618,7
158410;4267,5;4496,7;4004,6;0,0332;5;9;2017;4409,1
170400;4612,9;4621;4098,6;-0,0749;4;9;2017;4267,5
102820;4573,8;4719,8;4397,7;0,0086;3;9;2017;4612,9
160770;4921,9;4976,5;4448,6;-0,0707;2;9;2017;4573,8
102010;4735,1;4925,2;4690,2;0,0394;1;9;2017;4921,9
23950;604,7;608,8;602,3;0,0057;30;9;2016;608,1
18940;605,5;606,9;602,6;-0,0013;28;9;2016;604,7
25550;606,5;609;601,7;-0,0018;27;9;2016;605,5
27510;601,5;608,5;598,2;0,0084;26;9;2016;606,5
13280;602,6;604,9;598,3;-0,0018;25;9;2016;601,5
13470;602,9;605,9;600,5;-0,0005;24;9;2016;602,6
25920;595,6;603,7;594,1;0,0122;23;9;2016;602,9
22440;597,2;599,8;592,8;-0,0026;22;9;2016;595,6
36860;609,2;608,8;591,7;-0,0198;21;9;2016;597,2
22610;609,8;611,3;605,9;-0,001;20;9;2016;609,2
21240;610,7;612,4;607;-0,0014;19;9;2016;609,8
16329,999999999998;607,1;612,4;605,2;0,006;18;9;2016;610,7
15890;607,8;609,6;604,5;-0,0012;17;9;2016;607,1
21850;608,1;610,4;605,2;-0,0005;16;9;2016;607,8
22690;609,5;610,7;605,1;-0,0023;15;9;2016;608,1
24240;608,6;612,2;606,4;0,0015;14;9;2016;609,5
27520;608;612;604,9;0,001;13;9;2016;608,6
27950;605,6;610,6;603;0,0039;12;9;2016;608
36540;624,5;630,8;592,8;-0,0303;11;9;2016;605,6
15280;623,2;627,5;621,1;0,0022;10;9;2016;624,5
28330;625,6;627,6;617,3;-0,0039;9;9;2016;623,2
36330;613,2;629,3;611,3;0,0202;8;9;2016;625,6
30030;610,4;616,5;606,2;0,0045;7;9;2016;613,2
24330;605,8;612;603,5;0,0077;6;9;2016;610,4
25290;609,5;610,6;598,8;-0,0062;5;9;2016;605,8
30690;598,8;615,2;590,8;0,0179;4;9;2016;609,5
35700;575,3;605;572,6;0,0409;3;9;2016;598,8
26610;572;577,6;569,3;0,0058;2;9;2016;575,3
25870;573,9;705;569,4;-0,0033;1;9;2016;572
50520;236,7;237,8;234,4;-0,0033;30;9;2015;235,9
57300;238,9;240,4;234,8;-0,009;29;9;2015;236,7
64280;232,5;240,4;232,4;0,0274;28;9;2015;238,9
36140;234,3;234,8;231,8;-0,0077;27;9;2015;232,5
40290;235;235,7;232,7;-0,0031;26;9;2015;234,3
61580;233,8;237,6;232,7;0,0054;25;9;2015;235
72120;229,9;235,8;229,6;0,0168;24;9;2015;233,8
43600;230;232,2;228,5;-0,0005;23;9;2015;229,9
71550;226,3;233,2;224,1;0,0163;22;9;2015;230
53430;231,1;231,6;225;-0,0206;21;9;2015;226,3
34470;232,2;233,4;230,2;-0,0047;19;9;2015;231,1
53170;232,7;234,7;230,6;-0,0022;18;9;2015;232,2
56060;228,6;235,2;227,9;0,018;17;9;2015;232,7
51910;229,5;230,9;225,1;-0,0041;16;9;2015;228,6
49520;229,9;242,8;228;-0,0017;15;9;2015;229,5
61100;230,2;232,6;226;-0,0012;14;9;2015;229,9
51600;235,6;236,2;228,3;-0,023;13;9;2015;230,2
43770;239,9;240,3;233,3;-0,0179;12;9;2015;235,6
45770;238,1;241;237,4;0,0076;11;9;2015;239,9
60540;237,4;240,6;234,3;0,0028;10;9;2015;238,1
69260;243,2;244,3;236,5;-0,024;9;9;2015;237,4
76350;239,6;246,4;239,2;0,0153;8;9;2015;243,2
57190;239,9;242,7;237,5;-0,0012;7;9;2015;239,6
66270;233,7;243,6;234,7;0,0265;6;9;2015;239,9
48280;230,3;235,6;228,3;0,0149;5;9;2015;233,7
61760;226,2;231,1;225,8;0,0179;4;9;2015;230,3
54150;228,6;229,6;225,4;-0,0106;3;9;2015;226,2
58770;227,2;230,6;225,6;0,0064;2;9;2015;228,6
66540;229,5;231,4;225,8;-0,01;1;9;2015;227,2
16920;376,8;395,2;374,7;0,0303;30;9;2014;388,2
20690;379,1;389,3;372,6;-0,0061;29;9;2014;376,8
13940;399;402,3;374,1;-0,05;28;9;2014;379,1
9740;404,5;407,1;394,7;-0,0135;27;9;2014;399
12120;412,3;416,4;399,7;-0,019;26;9;2014;404,5
14630;423,8;427,5;409,6;-0,0271;25;9;2014;412,3
21370;436,9;439,2;422,1;-0,03;24;9;2014;423,8
17940;404,1;445,5;394,8;0,0811;23;9;2014;436,9
13520;401,6;410,8;398,6;0,0062;22;9;2014;404,1
10420;411,5;415,1;394,5;-0,0241;21;9;2014;401,6
14290;397,7;427,7;387,5;0,0349;20;9;2014;411,5
14970;424,3;429,2;386,1;-0,0627;19;9;2014;397,7
8930;461,1;462,3;408,8;-0,0799;18;9;2014;424,3
7510;466,8;469,4;458,3;-0,0121;17;9;2014;461,1
6520;477,7;478,8;464;-0,0229;16;9;2014;466,8
4210;478,2;480,3;472;-0,0009;14;9;2014;477,7
5280;477,7;480,6;474,6;0,0009;13;9;2014;478,2
5150;478,5;479,7;471,1;-0,0016;12;9;2014;477,7
6290;479,7;488,9;474,6;-0,0025;11;9;2014;478,5
8290;474,9;491;471,6;0,0101;10;9;2014;479,7
7290;475,7;478,6;467,5;-0,0017;9;9;2014;474,9
8140,0000000000009;485,8;487;469,5;-0,0207;8;9;2014;475,7
3560;484,5;490,7;478,5;0,0026;7;9;2014;485,8
3790;483,6;491,4;480,8;0,0017;6;9;2014;484,5
6040;491;495;483,1;-0,0149;5;9;2014;483,6
8810;480;498,5;476,3;0,0228;4;9;2014;491
6140;478,9;487,3;476,8;0,0023;3;9;2014;480
6750;477,2;487;470,5;0,0037;2;9;2014;478,9
6790;481,8;487,5;471,8;-0,0095;1;9;2014;477,2
14630;143,9;145,8;138,1;-0,0138;30;9;2013;141,9
18100;142,5;145,8;141,4;0,0097;29;9;2013;143,9
13660;138,9;143;138;0,0257;28;9;2013;142,5
27140;137,1;142,7;134,8;0,0133;27;9;2013;138,9
6540;135;139;134,7;0,0156;26;9;2013;137,1
9520;134,8;138;134,7;0,0016;25;9;2013;135
8580;133,4;136,6;132,5;0,0103;24;9;2013;134,8
6000;134;135;132;-0,0045;23;9;2013;133,4
5890;134,4;135;131;-0,0028;22;9;2013;134
5090;133,8;136;132;0,0043;21;9;2013;134,4
11050;135,1;137,3;131;-0,0092;20;9;2013;133,8
21020;140,4;141,2;131,1;-0,0382;19;9;2013;135,1
9490;139,1;142;139;0,0091;18;9;2013;140,4
9640;139,4;141,4;138;-0,0019;17;9;2013;139,1
10610;138,3;142,2;137,9;0,0081;16;9;2013;139,4
6440;136,7;141;135;0,0116;15;9;2013;138,3
8900;140,7;142;136,5;-0,0281;14;9;2013;136,7
20120;139,4;145,6;137,8;0,0094;13;9;2013;140,7
20530;142,1;145,5;137,5;-0,0194;12;9;2013;139,4
41560;132,6;145,9;127,5;0,0715;11;9;2013;142,1
8880;133,1;136;131,4;-0,0036;10;9;2013;132,6
29690;126,3;137,5;124;0,0537;9;9;2013;133,1
7350;129;129,9;124,1;-0,0207;8;9;2013;126,3
14190;121,9;131;121,3;0,0582;7;9;2013;129
19170;130,2;134;121,9;-0,0637;6;9;2013;121,9
27030;132,5;138;127,2;-0,0174;5;9;2013;130,2
28750;144;145,8;130,1;-0,0798;4;9;2013;132,5
10650;146;148,5;142,1;-0,0138;2;9;2013;144
14100;141;147,3;141;0,0355;1;9;2013;146
26680;12,3;12,4;12,1;0,0065;28;9;2012;12,4
23500;12,2;12,5;12;0,0057;26;9;2012;12,3
21230;12,1;12,2;12;0,0083;25;9;2012;12,2
27290;12,2;12,3;11,9;-0,0074;24;9;2012;12,1
39920;12,2;12,3;11,6;-0,0041;23;9;2012;12,2
14990;12,4;12,4;12,1;-0,0105;22;9;2012;12,2
35840;12,3;12,5;12;0,0073;21;9;2012;12,4
32570;12,6;12,7;12,3;-0,0231;20;9;2012;12,3
41880;12,3;12,7;12,1;0,0261;19;9;2012;12,6
40950;11,9;12,4;11,8;0,0303;18;9;2012;12,3
30300;11,8;12;11,7;0,0102;16;9;2012;11,9
16270;11,7;11,8;11,6;0,0069;15;9;2012;11,8
43260;11,4;11,8;11,3;0,0237;14;9;2012;11,7
64950;11,2;11,4;10,9;0,0143;11;9;2012;11,3
42290;11;11,2;10,9;0,0136;10;9;2012;11,2
35540;11,2;11,2;10,9;-0,0161;7;9;2012;11
67050;11;11,3;10,6;0,0164;6;9;2012;11,2
60770;10,4;11,2;10,3;0,0597;5;9;2012;11
34880;10,5;10,5;10,1;-0,0142;4;9;2012;10,4
22930;10,2;10,6;10,1;0,0324;3;9;2012;10,5
25060;10;10,4;9,7;0,0231;2;9;2012;10,2
23380;10,2;10,3;9,8;-0,0187;1;9;2012;10
41460;4,8;5,3;4,7;0,0753;30;9;2011;5,1
30630;4,9;5;4,6;-0,0305;28;9;2011;4,8
24650;4,9;5,1;4,8;0,0103;27;9;2011;4,9
56070;5,3;5,4;4,7;-0,0863;26;9;2011;4,9
9490;5,5;5,5;5,3;-0,0256;25;9;2011;5,3
17940;5,6;5,6;5,3;-0,0144;24;9;2011;5,5
55670;5,4;5,7;5,4;0,0221;23;9;2011;5,6
31650;5,6;5,8;5,3;-0,0321;22;9;2011;5,4
68160;6,1;6,3;5,1;-0,0818;21;9;2011;5,6
116750;5,5;6,8;5,4;0,119;20;9;2011;6,1
49840;5,2;5,6;4,9;0,05;19;9;2011;5,5
44620;4,8;5,6;4,7;0,0901;18;9;2011;5,2
20300;4,8;4,9;4,7;-0,0104;17;9;2011;4,8
86220;5,6;5,6;4,4;-0,1388;15;9;2011;4,8
43770;5,8;5,8;5,3;-0,031;14;9;2011;5,6
23760;6,1;6,1;5,7;-0,0461;13;9;2011;5,8
63860;5,9;6,6;5,4;0,0375;12;9;2011;6,1
143790;4,8;7,4;4,6;0,2285;11;9;2011;5,9
44490;5;5,5;4,6;-0,0517;10;9;2011;4,8
217430;6,5;6,6;4,2;-0,2297;9;9;2011;5
31890;7,2;7,2;6,5;-0,0918;8;9;2011;6,5
49640;6,9;7,6;6,5;0,0481;7;9;2011;7,2
82500;7,6;7,7;6,1;-0,0986;6;9;2011;6,9
30800;8,2;8,2;7,3;-0,0697;5;9;2011;7,6
19670;8,5;8,5;7,8;-0,0354;4;9;2011;8,2
6950;8,6;8,7;8,4;-0,0185;3;9;2011;8,5
16820;8,2;8,7;8,2;0,0524;2;9;2011;8,6
12400000;10296,4;10400,9;9887;0,0078;7;9;2020;10376,9
12120000;10092,2;10337,7;10004,7;0,0202;6;9;2020;10296,4
14720000;10472,3;10558,7;9897,8;-0,0363;5;9;2020;10092,2
12500000;10168,7;10614,2;9960,3;0,0299;4;9;2020;10472,5
9650000;11413,2;11442,7;10009,5;-0,109;3;9;2020;10168,8
20260000;11914,4;11947,5;11244,9;-0,0421;2;9;2020;11413,3
9340000;6603,9;6673,9;6533,5;0,0047;30;9;2018;6635,2
9420000;6633,9;6648,4;6464,4;-0,0048;29;9;2018;6603,9
9570000;6685,7;6809,2;6538,6;-0,0079;28;9;2018;6636
9340000;6463,7;6738,3;6428,8;0,0342;27;9;2018;6689,2
8640000;6443;6551,9;6384,1;0,0036;26;9;2018;6468,1
7340000;6590,6;6590,6;5977;-0,0211;25;9;2018;6445,1
7570000;6713,3;6728,1;6559,1;-0,0179;24;9;2018;6584,1
7340000;6729,6;6789,4;6666,4;-0,0038;23;9;2018;6704,1
7310000;6766,7;6833,3;6635,5;-0,0055;22;9;2018;6729,6
7730000;6490,9;6780,5;6489,8;0,0428;21;9;2018;6766,7
5180000;6390,4;6537,5;6346,4;0,0155;20;9;2018;6489,2
3540000;6342;6478,7;6144,5;0,0076;19;9;2018;6390,4
2820000;6251,9;6388,8;6228,8;0,0144;18;9;2018;6342
3260000;6500,2;6533,5;6215,9;-0,0382;17;9;2018;6251,9
3340000;6519;6520,8;6406,2;-0,0029;16;9;2018;6500,2
3160000;6482,6;6562,9;6470,3;0,0054;15;9;2018;6519
3200000;6482,9;6579,4;6412,1;0,0001;14;9;2018;6483,7
3530000;6338;6867,3;6337,8;0,0229;13;9;2018;6482,9
3040000;6293,9;6353,5;6204,5;0,007;12;9;2018;6338
3300000;6320,7;6391,8;6189,6;-0,0043;11;9;2018;6293,9
3110000;6238,5;6358,5;6237,3;0,0132;10;9;2018;6321
2840000;6184,3;6432,6;6148,8;0,0088;9;9;2018;6238,5
3460000;6390,9;6484,3;6132,3;-0,0323;8;9;2018;6184,3
3300000;6514,1;6540,6;6316,2;-0,0189;7;9;2018;6390,9
4019999,9999999995;6706,8;6732,9;6337,8;-0,0287;6;9;2018;6514
4550000;7377,5;7407,5;6691,8;-0,0909;5;9;2018;6706,8
3920000;7264,2;7409,9;7234,5;0,0156;4;9;2018;7377,5
3870000;7289,8;7330,7;7182,8;-0,0041;3;9;2018;7264,2
3900000;7189,6;7334,8;7117,3;0,0145;2;9;2018;7293,9
3520000;7032,4;7264,3;7020,4;0,0221;1;9;2018;7189,6
63080;27696,9;27825;26865,1;-0,0174;31;5;2023;27216,1
45190;27738,9;28033,6;27583,8;-0,0015;30;5;2023;27698,2
54560;28068,4;28431,2;27548,8;-0,0118;29;5;2023;27739,4
55230;26855,3;28181,9;26788,5;0,0452;28;5;2023;28071,2
18680;26711,2;26882,9;26591,2;0,0055;27;5;2023;26857,5
45880;26475,5;26911,6;26330;0,0089;26;5;2023;26711,5
50170;26327,1;26589,2;25892,5;0,0056;25;5;2023;26475,8
72650;27220,7;27220,7;26088,7;-0,0328;24;5;2023;26328,4
50890;26851,6;27448,1;26804,1;0,0139;23;5;2023;27220,7
35560;26749,9;27048,9;26546,1;0,0036;22;5;2023;26847,3
27420;27116,2;27257,1;26677,6;-0,0135;21;5;2023;26749,9
17720;26883;27147,2;26831,3;0,0087;20;5;2023;27116,2
36670;26828,2;27154,7;26711,3;0,002;19;5;2023;26882,9
63390;27403,8;27467;26449,8;-0,021;18;5;2023;26828
58140;27035,5;27465,3;26597,7;0,0136;17;5;2023;27403,1
45290;27183,9;27295,3;26881,9;-0,0055;16;5;2023;27035,3
53270;26920,4;27651,7;26752,1;0,0098;15;5;2023;27183,9
26350;26777,4;27176,1;26609,9;0,0053;14;5;2023;26920
27950;26798,7;27011,9;26695,6;-0,0008;13;5;2023;26777,5
87490;26983,1;27044;25853,1;-0,0068;12;5;2023;26799,2
62850;27604,3;27607,4;26766,2;-0,0225;11;5;2023;26983,5
91450;27634,3;28311,7;26885,7;-0,0011;10;5;2023;27603,3
49750;27670,5;27816;27366,3;-0,0013;9;5;2023;27634,9
85720;28424,8;28627,8;27280,3;-0,0265;8;5;2023;27670,5
36500;28857,1;29122;28419,6;-0,015;7;5;2023;28424,8
58940;29512,8;29816,4;28414,9;-0,0222;6;5;2023;28857,1
74520;28842,2;29653,9;28825,3;0,0233;5;5;2023;29513,2
53800;29023,6;29352,7;28687,4;-0,0063;4;5;2023;28842,1
81220;28669,1;29244,7;28164,4;0,0124;3;5;2023;29023,6
65330;28079;28877,4;27913,2;0,0211;2;5;2023;28669,1
84360;29252,1;29329,6;27685,9;-0,0402;1;5;2023;28077,6
86600;31730,2;32377,5;31221,2;0,0022;31;5;2022;31793,4
129560;29465,2;32185,6;29307,2;0,0766;30;5;2022;31723,3
36870;29027,1;29556,5;28838,7;0,0151;29;5;2022;29465,2
43870;28620,1;29194,4;28537,2;0,0149;28;5;2022;29027,1
116410;29194;29377,1;28282,2;-0,0206;27;5;2022;28601,2
126710;29537,9;29868,9;28077,9;-0,0114;26;5;2022;29203,5
78850;29648,7;30202,3;29353,5;-0,0036;25;5;2022;29540,6
79420;29091,6;29810,8;28706,1;0,0191;24;5;2022;29648,7
92100;30287,3;30644,8;28913,6;-0,0394;23;5;2022;29093,3
50600;29433;30462;29260,1;0,0289;22;5;2022;30286,6
32270,000000000004;29188,7;29623,2;28953,9;0,0088;21;5;2022;29434,6
98780;30305,9;30735,1;28738,5;-0,0372;20;5;2022;29178,6
101380;28700,4;30525,1;28682,1;0,0566;19;5;2022;30305,9
92030;30437,5;30687,9;28648,1;-0,0576;18;5;2022;28683,7
79630;29856,7;30720,1;29484,5;0,0197;17;5;2022;30437,5
100250;31308,3;31312,4;29135,8;-0,0466;16;5;2022;29849
65440;30078,6;31383,8;29499,4;0,0408;15;5;2022;31308,7
70460;29285,2;30277,4;28666,7;0,0272;14;5;2022;30080,4
141230;28994,3;31002,7;28755;0,0106;13;5;2022;29284,4
309480;29073,4;30136,7;26500,5;-0,0032;12;5;2022;28976
296900;31008;32113,6;27835,5;-0,0625;11;5;2022;29068,2
235610;30098,2;32621,2;29831;0,0303;10;5;2022;31007,5
268090;34041;34227;30095;-0,1164;9;5;2022;30095
131700;35644;37480,7;34213,2;0,0462;31;5;2021;37298,6
104180;34589,3;36388,6;33441;0,0309;30;5;2021;35652,8
160430;35664,5;37227,1;33664,2;-0,0302;29;5;2021;34584,6
199580;38543,2;38844,1;34772,4;-0,0717;28;5;2021;35662,5
122930;39249;40322,2;37190,8;-0,0212;27;5;2021;38417,3
153800;38375,7;40750;37847;0,0227;26;5;2021;39249,2
163010;38753,6;39740,8;36540,7;-0,0096;25;5;2021;38378,3
244880;34720,3;39851,7;34474,6;0,1174;24;5;2021;38750,6
325730;37446,8;38248,7;31192,4;-0,0739;23;5;2021;34679,7
185830;37291;38776;35314,9;0,004;22;5;2021;37448,3
315500;40611,2;42108,3;33592,3;-0,084;21;5;2021;37297,4
269750;36706,8;42425,9;35010,4;0,1088;20;5;2021;40717,2
607100;42898,3;43516,6;30261,7;-0,144;19;5;2021;36720,5
154960;43538,5;45770,9;42293,9;-0,0148;18;5;2021;42897,3
274760;46424,2;46545,4;42201,5;-0,0621;17;5;2021;43541,3
180070;46729,3;49764,3;43920,8;-0,006;16;5;2021;46426,4
131910;49839,1;50640,9;46650,2;-0,0628;15;5;2021;46708,8
118840;49704,9;51459,2;48874;0,0027;14;5;2021;49839,8
236710;49398,2;51337,3;46331,1;0,0065;13;5;2021;49704,6
160740;56694,5;57938,5;49187;-0,129;12;5;2021;49384,2
96470;55846,1;56871,1;54550,4;0,0152;11;5;2021;56695,7
142610;58251,2;59523,9;53678,3;-0,041;10;5;2021;55848,9
103590;58840,6;59227;56414,4;-0,0102;9;5;2021;58238,3
101270;57330,3;59471,1;56972,2;0,0262;8;5;2021;58840,1
110010;56411,4;58639,3;55300,1;0,0165;7;5;2021;57337,2
109020;57441;58364,9;55294,5;-0,018;6;5;2021;56405,4
119820;53872,5;57936,4;53872,5;0,0688;5;5;2021;57441,3
132330;57170,6;57201,3;53741,5;-0,06;4;5;2021;53741,5
89240;56605,8;58925,1;56562,4;0,01;3;5;2021;57169,8
53610;57807,2;57868,4;56110,5;-0,0208;2;5;2021;56603,8
63410;57719,1;58449,4;57029,5;0,0015;1;5;2021;57807,1
645270;9692,9;9695,6;9406,2;-0,0245;31;5;2020;9454,8
720620;9424,8;9729,9;9352,7;0,0284;30;5;2020;9692,5
814330;9573,4;9596,5;9358,1;-0,0154;29;5;2020;9424,8
948860;9199,8;9610,8;9119,2;0,0406;28;5;2020;9572,2
810890;8842,3;9210,9;8818,6;0,0403;27;5;2020;9199,1
784920;8897,7;8994,6;8713,9;-0,0063;26;5;2020;8842,5
941890;8728;8959,5;8666,1;0,0195;25;5;2020;8898,2
812560;9169,8;9303,2;9098,9;0,0008;23;5;2020;9177
914590;9058,2;9253,5;8952,1;0,0122;22;5;2020;9169,7
890340;8821,6;8986,2;8771,3;0,0164;2;5;2020;8966,3
858410;8271,4;8578,8;8135;0,0346;31;5;2019;8558,3
763200;8759,4;8794,1;8568,8;-0,005;28;5;2019;8716,3
907960;8628,9;8902,8;8607,3;0,0151;27;5;2019;8760,1
872120;8029,6;8718,6;7866,5;0,0751;26;5;2019;8630,2
691270;7971,4;8090,1;7919,1;0,0072;25;5;2019;8027,4
868470;7852,8;8124,1;7775,4;0,015;24;5;2019;7970,1
815140;7637,2;7939,1;7486,8;0,0283;23;5;2019;7852,1
821400;7928,7;7999;7545,9;-0,0372;22;5;2019;7635,7
804880;7965;8056,8;7813,2;-0,0044;21;5;2019;7930,3
958810;8156,4;8156,4;7604;-0,0235;20;5;2019;7965,3
865530;7359,9;7458,5;7189,4;-0,0132;18;5;2019;7262,6
907940;6194,3;6466,6;6157,8;0,0314;10;5;2019;6386
799960;5990,5;6206;5990;0,0336;9;5;2019;6191,5
757130;5849,4;6011,3;5799,1;0,0241;8;5;2019;5990,3
955880;5745,5;6019,8;5745,5;0,0182;7;5;2019;5849,5
755390;5775,1;5801,4;5630,5;-0,0052;6;5;2019;5745,1
709020;5830,8;5838,2;5708,2;-0,0096;5;5;2019;5774,9
920610;5768;5899,2;5605;0,0111;4;5;2019;5830,9
722230;5384,6;5530,8;5370;0,0204;2;5;2019;5493,8
623640;5321,1;5396,3;5319,5;0,0119;1;5;2019;5384,2
144520;7400,8;7611,9;7355;0,0139;31;5;2018;7502,6
140370;7469,2;7565,2;7306,8;-0,0091;30;5;2018;7400,1
186970;7119,3;7533;7069,8;0,0489;29;5;2018;7467,7
152290;7367,3;7446,9;7090,6;-0,0336;28;5;2018;7119,3
103290;7361,9;7411,8;7267,5;0,0007;27;5;2018;7366,7
103070;7478,5;7619,3;7331,5;-0,0156;26;5;2018;7361,3
161820;7593,9;7653,4;7355,6;-0,0152;25;5;2018;7477,7
211110;7512,3;7736,6;7293,4;0,0107;24;5;2018;7592,9
237600;8005,7;8047,4;7467,6;-0,0617;23;5;2018;7512,3
137510;8403,8;8414,5;7979,3;-0,0473;22;5;2018;8006
115520;8529,5;8550,6;8375,5;-0,0147;21;5;2018;8403,3
113760;8243,9;8580,4;8184,7;0,0344;20;5;2018;8529
107890;8244,7;8389,1;8153,2;-0,0001;19;5;2018;8245,1
150320;8064,4;8273,6;7939,8;0,0227;18;5;2018;8245,7
154360;8344,6;8458,7;8022,3;-0,0337;17;5;2018;8063
188030;8477;8496,4;8120,1;-0,0156;16;5;2018;8344,4
179620;8674;8842,1;8436,5;-0,0227;15;5;2018;8477
212050;8693,4;8878,3;8305,1;-0,0022;14;5;2018;8674,1
149800;8489,1;8758,4;8330;0,0277;13;5;2018;8693,5
210870;8409,6;8646,1;8184,1;0,0061;12;5;2018;8459,5
270620;9026;9028,7;8359,6;-0,0684;11;5;2018;8408,3
152710;9319,2;9393,3;9013,4;-0,0315;10;5;2018;9025,7
147890;9194,9;9377,9;8988;0,0133;9;5;2018;9319,1
157450;9373,9;9404,4;9079,8;-0,0249;8;5;2018;9196,4
165080;9651,1;9675,6;9204,2;-0,0233;7;5;2018;9431,6
150950;9859,6;9957,7;9446,7;-0,02;6;5;2018;9656,4
158450;9709,5;9992,8;9691,3;0,0149;5;5;2018;9853,5
161550;9747,6;9800,9;9549;-0,0042;4;5;2018;9708,6
201180;9244,2;9809,4;9171,4;0,0548;3;5;2018;9749,7
137480;9076,8;9265,7;8991,9;0,0185;2;5;2018;9243,2
173350;9245,1;9245,1;8851;-0,0184;1;5;2018;9074,9
117750;2192,6;2330,6;2168,4;0,0505;31;5;2017;2303,3
120960;2278,2;2329,3;2147,1;-0,0376;30;5;2017;2192,6
92240;2189;2337,4;2117,3;0,0407;29;5;2017;2278,2
125000;2052,4;2300,5;2051,1;0,0666;28;5;2017;2189
222950;2244,9;2322,4;1868,6;-0,0857;27;5;2017;2052,4
191490;2307;2616,5;2051,4;-0,027;26;5;2017;2244,9
248440;2445,3;2781,8;2210,5;-0,0565;25;5;2017;2307,2
149260;2272,6;2497;2263,3;0,076;24;5;2017;2445,3
114180;2124,4;2286,3;2110,8;0,0697;23;5;2017;2272,6
174380;2044,2;2264,8;1998,6;0,0392;22;5;2017;2124,4
78780;2040,2;2094,9;1980,1;0,002;21;5;2017;2044,2
89860;1962;2048,4;1944,4;0,0398;20;5;2017;2040,2
98760;1881;1969,7;1875,3;0,0431;19;5;2017;1962
73100;1801,3;1980,5;1791,1;0,0442;18;5;2017;1881
94620;1729,3;1842,8;1704;0,0416;17;5;2017;1801,3
75540;1708,9;1752,6;1653,7;0,0119;16;5;2017;1729,3
80240;1772,6;1776,7;1656,8;-0,0359;15;5;2017;1708,9
40640;1763,7;1802,8;1736,1;0,005;14;5;2017;1772,6
75470;1686,4;1770,5;1594,6;0,0459;13;5;2017;1763,7
109340;1819,3;1822,5;1641,2;-0,0731;12;5;2017;1686,4
109010;1752,3;1864,8;1741,5;0,0382;11;5;2017;1819,3
89680;1697,5;1766,2;1665;0,0323;10;5;2017;1752,3
127230;1664,5;1757,4;1620;0,0198;9;5;2017;1697,5
107230;1554,4;1667,7;1552,9;0,0708;8;5;2017;1664,5
71360;1545,3;1572,9;1495,2;0,0059;7;5;2017;1554,4
59600;1507,8;1560,4;1503,9;0,0249;6;5;2017;1545,3
120380;1516,8;1588,1;1485;-0,0059;5;5;2017;1507,8
136710;1485,6;1609,8;1437,1;0,021;4;5;2017;1516,8
81720;1445,9;1496,4;1424,1;0,0274;3;5;2017;1485,6
70010;1415,8;1471,1;1394,8;0,0213;2;5;2017;1445,9
100440;1351,9;1448,7;1342,8;0,0473;1;5;2017;1415,8
114080;532,3;546,9;513,2;-0,0063;31;5;2016;528,9
77530;516;544,2;512,8;0,0314;30;5;2016;532,3
152570;524,2;548;493,2;-0,0156;29;5;2016;516
150170;474;531,8;467;0,1058;28;5;2016;524,2
135680;453,3;479,2;452,7;0,0458;27;5;2016;474
37720;449,8;454,3;447,7;0,0078;26;5;2016;453,3
37720;446,1;451,2;445,4;0,0082;25;5;2016;449,8
33220;443,7;447,9;442;0,0055;24;5;2016;446,1
35900;439,6;445;438,2;0,0093;23;5;2016;443,7
28740;443,6;444,2;436,9;-0,0091;22;5;2016;439,6
23000;442,1;445,2;439,7;0,0035;21;5;2016;443,6
48430;442,7;447,8;435,4;-0,0012;20;5;2016;442,1
59390;454,2;455,2;441,1;-0,0255;19;5;2016;442,7
32610;453,3;456,6;452,4;0,0021;18;5;2016;454,2
34630;454,9;456,3;451,7;-0,0036;17;5;2016;453,3
36600;458,1;459,6;450,7;-0,0071;16;5;2016;454,9
21200;456,4;460,3;455;0,0037;15;5;2016;458,1
20360;455,4;457,7;453,6;0,0023;14;5;2016;456,4
32390;454,4;457,2;451,5;0,0022;13;5;2016;455,4
49190;452,5;455,3;448,4;0,0043;12;5;2016;454,4
39970;449,4;456,1;449,6;0,007;11;5;2016;452,5
59990;460,4;462,1;446,8;-0,0241;10;5;2016;449,4
48420;457,9;464,2;455,4;0,0056;9;5;2016;460,4
27600;458,5;460,2;454,9;-0,0013;8;5;2016;457,9
30970;459,6;460,6;454,6;-0,0024;7;5;2016;458,5
68430;448,1;461,5;445,7;0,0256;6;5;2016;459,6
41890;445,8;449,2;444,4;0,0051;5;5;2016;448,1
39440;450,3;450,9;444,2;-0,0099;4;5;2016;445,8
49750;444,2;451,5;441,5;0,0137;3;5;2016;450,3
73850;452,2;453,9;440,2;-0,0178;2;5;2016;444,2
21750;448,5;454,2;447,5;0,0083;1;5;2016;452,2
39000;233,2;234;229,1;-0,0145;31;5;2015;229,8
41630;237;237,1;231,6;-0,0161;30;5;2015;233,2
38920;237,3;237,9;235,1;-0,0012;29;5;2015;237
48030;237,8;238,9;235,9;-0,0023;27;5;2015;237,3
37080;237,4;239;235,6;0,0018;26;5;2015;237,8
26390;241;241,8;235,8;-0,0148;25;5;2015;237,4
30260;238,9;242,4;237,5;0,0085;24;5;2015;241
36030;240,4;241,7;238,1;-0,0059;23;5;2015;238,9
74110;235,4;242;234,6;0,0212;22;5;2015;240,4
42940;234;236,6;233,6;0,0061;21;5;2015;235,4
49690;232;235,2;231,5;0,0084;20;5;2015;234
40940;232,6;234,5;231,3;-0,0027;19;5;2015;232
53140;236,3;237,1;231,5;-0,0155;18;5;2015;232,6
28430;236,2;237,8;235,4;0,0003;17;5;2015;236,3
27050;237,2;237,8;234,6;-0,0041;16;5;2015;236,2
46030;236,9;238,8;235,5;0,0013;15;5;2015;237,2
71020;236,4;239,2;232,4;0,0022;14;5;2015;236,9
84430;241,6;243,9;234,1;-0,0215;13;5;2015;236,4
40080;241,8;243;239,2;-0,001;12;5;2015;241,6
57170;240;243,9;238,9;0,0077;11;5;2015;241,8
44000;241,4;244,8;238,2;-0,006;10;5;2015;240
62790;243,7;247,9;238,5;-0,0096;9;5;2015;241,4
87500;237,7;247;235,8;0,0253;8;5;2015;243,7
91050;230;240,3;228,3;0,0335;7;5;2015;237,7
103660;235,8;237,1;228,2;-0,0246;6;5;2015;230
77870;239;239,6;231,8;-0,0132;5;5;2015;235,8
69120;240;243,2;237,4;-0,0043;4;5;2015;239
55720;235,3;243,6;233,8;0,0198;3;5;2015;240
37080;233,2;236,4;231,7;0,0091;2;5;2015;235,3
60140;235,8;239,4;232,4;-0,0109;1;5;2015;233,2
4410;612,3;629;604,7;0,0254;31;5;2014;627,9
6210;564,4;613,3;564;0,0849;30;5;2014;612,3
3730;570,8;573,8;557,7;-0,0112;29;5;2014;564,4
3570;570,1;581,8;562,6;0,0013;28;5;2014;570,8
3350;582;586,2;555,3;-0,0205;27;5;2014;570,1
2960;570,4;586,4;564,7;0,0203;26;5;2014;582
1870;520,5;575,2;520,5;0,096;25;5;2014;570,4
2860;518,1;526,7;510,4;0,0046;24;5;2014;520,5
2760;515,4;540,9;515,2;0,0053;23;5;2014;518,1
3120;488,8;519,3;485,5;0,0543;22;5;2014;515,4
1400;484,6;495,2;481,7;0,0088;21;5;2014;488,8
1900;443,9;486,2;437,3;0,0916;20;5;2014;484,6
1350;450,1;451,7;441,2;-0,0139;19;5;2014;443,9
1450;452,8;454;449;-0,0059;18;5;2014;450,1
1710;453,6;455,9;452,2;-0,0019;17;5;2014;452,8
1760;448,1;455,1;441,9;0,0123;16;5;2014;453,6
2170;442,6;450;441,5;0,0124;15;5;2014;448,1
2200;433,9;444,3;433,9;0,0201;14;5;2014;442,6
2650;438,2;442,3;432,7;-0,0098;13;5;2014;433,9
1390;433,2;441,1;430,2;0,0115;12;5;2014;438,2
1890;451,9;455,4;429;-0,0413;11;5;2014;433,2
450;445,5;459,5;441,4;0,0145;10;5;2014;451,9
2270;441,1;455,8;438,5;0,0098;9;5;2014;445,5
2540;446,5;455,5;439,5;-0,0122;8;5;2014;441,1
5030;432,2;458,8;423,5;0,0332;7;5;2014;446,5
4190;430,9;435;420,2;0,0031;6;5;2014;432,2
3040;436;443,9;426,4;-0,0119;5;5;2014;430,9
3370;438,6;446,6;428,8;-0,0059;4;5;2014;436
2580;453,7;454,2;429,1;-0,0331;3;5;2014;438,6
3380;460,1;463,4;442;-0,014;2;5;2014;453,7
4200;445,6;464,5;444,5;0,0325;1;5;2014;460,1
24700;132,3;132,4;126,5;-0,0261;30;5;2013;128,8
19250;129;132,7;127,6;0,0252;29;5;2013;132,3
22800;129,8;130,6;125,4;-0,0059;28;5;2013;129
46830;133,5;135,5;124;-0,0279;27;5;2013;129,8
23360;132;136;130,6;0,0114;26;5;2013;133,5
16840;133,1;133,5;128,2;-0,0083;25;5;2013;132
48770;126,3;134;125,4;0,0538;24;5;2013;133,1
22120;123,8;126,9;123;0,0202;23;5;2013;126,3
18310;122,9;124,5;122;0,0074;22;5;2013;123,8
13390;122;123,1;121,1;0,0071;21;5;2013;122,9
17320;122,5;123,7;120,1;-0,0039;20;5;2013;122
20570;123,2;124,5;119,5;-0,0058;19;5;2013;122,5
22650;123,5;125,3;122,3;-0,0023;18;5;2013;123,2
79120;118,2;125,6;116,6;0,0448;17;5;2013;123,5
45230;114,2;119;112,1;0,0349;16;5;2013;118,2
117970;111,4;116,4;103;0,0253;15;5;2013;114,2
87780;118;119,8;109,4;-0,0558;14;5;2013;111,4
26180;114,8;118,9;114,5;0,0275;13;5;2013;118
20600;115,6;117,5;112,4;-0,0071;12;5;2013;114,8
28040;117,7;118,7;113;-0,0175;11;5;2013;115,6
77480;112,8;122,5;111,5;0,0434;10;5;2013;117,7
26950;113,2;113,7;108,8;-0,0035;9;5;2013;112,8
61720;109,6;116,8;109,5;0,0328;8;5;2013;113,2
139670;112,3;114;97,5;-0,0236;7;5;2013;109,6
150070;116;124,9;106;-0,0322;6;5;2013;112,3
84210;112,9;118,8;107;0,0273;5;5;2013;116
132620;98,1;116,3;92;0,1509;4;5;2013;112,9
246480;106,3;109;79;-0,0767;3;5;2013;98,1
234170;116,4;126,9;91,1;-0,087;2;5;2013;106,3
180010;139,2;140,1;104;-0,1641;1;5;2013;116,4
16590;5,2;5,2;5,1;-0,0097;26;5;2012;5,1
69370;5;5,1;5;0,0099;16;5;2012;5,1
52850;4,9;5;4,9;0,0162;14;5;2012;5
63130;4,8;5;4,8;0,0227;11;5;2012;5
69980;5;5,1;4,8;-0,0377;10;5;2012;4,8
43630;5,1;5,2;5,1;-0,0117;4;5;2012;5,1
35420;5,1;5,2;5;0,0118;3;5;2012;5,1
95960;5;5,2;5;0,014;2;5;2012;5,1
36680;4,9;5;4,9;0,0101;1;5;2012;5
45790;8,8;9,5;8,1;-0,0068;31;5;2011;8,7
17680;8,4;9;8,3;0,0439;30;5;2011;8,8
7490;8,3;8,5;8,1;0,0157;29;5;2011;8,4
12250;8,5;8,7;8,1;-0,0235;28;5;2011;8,3
14430;8,8;8,8;8,5;-0,0341;27;5;2011;8,5
28650;8,4;9;8;0,0476;26;5;2011;8,8
64050;7,4;9,3;7,2;0,1321;25;5;2011;8,4
29280;7,2;7,5;7;0,0378;24;5;2011;7,4
35280;6,7;7,4;6,7;0,0688;23;5;2011;7,2
23870;6,1;6,8;6;0,0931;22;5;2011;6,7
31110;5,6;6,5;5,6;0,0948;21;5;2011;6,1
44460;6,8;7,1;5,6;-0,1791;20;5;2011;5,6
24440;6,9;7,3;6,6;-0,0102;19;5;2011;6,8
25400;7,2;7,5;6,6;-0,0431;18;5;2011;6,9
35350;8;8,4;7;-0,1046;17;5;2011;7,2
44140;7;8,5;6,8;0,1488;16;5;2011;8
18300;7,2;7,8;6,2;-0,0292;15;5;2011;7
55390;8,2;8,9;5,8;-0,122;14;5;2011;7,2
64000;6,3;8,4;6,3;0,3016;13;5;2011;8,2
31720;5,5;6,5;5,2;0,1455;12;5;2011;6,3
52570;5,8;6,1;4,6;-0,0534;11;5;2011;5,5
56220;3,8;6;3,8;0,5289;10;5;2011;5,8
11520;3,9;3,9;3,7;-0,0181;9;5;2011;3,8
21130;3,6;3,9;3,6;0,0632;8;5;2011;3,9
17830;3,5;3,7;3,4;0,0551;7;5;2011;3,6
23020;3,3;3,6;3,3;0,036;6;5;2011;3,5
15350;3,4;3,5;3,3;-0,0235;5;5;2011;3,3
16920;3,2;3,5;3,1;0,0656;3;5;2011;3,4
18330;3;3,5;3;0,0561;2;5;2011;3,2
45770;3,5;3,9;2,5;-0,1343;1;5;2011;3
671050000;35468;35497;33727;-0,0397;8;5;2022;34060
288860000;36003;36119;34773;-0,015;7;5;2022;35468
752840000;36540;36646;35267;-0,0146;6;5;2022;36009
691490000;37717;40021;37660;0,0522;4;5;2022;39688
367210000;38515;38647;37513;-0,0207;3;5;2022;37718
580790000;38472;39134;38061;0,0014;2;5;2022;38514
276990000;37642;38676;37397;0,0215;1;5;2022;38461
1110000;9177,9;9292;8724,1;-0,0489;24;5;2020;8728,2
1410000;9511,6;9567,1;8833,6;-0,0476;21;5;2020;9059
1150000;9773;9829,3;9368,4;-0,0267;20;5;2020;9512,3
1160000;9730,8;9883,9;9498,7;0,0044;19;5;2020;9773,3
1180000;9678,4;9930,2;9524,4;0,0055;18;5;2020;9730,7
1180000;9376,6;9866;9327,8;0,0318;17;5;2020;9677,7
1100000;9318,1;9579;9233;0,0066;16;5;2020;9379,5
1560000;9778,6;9819,6;9223,2;-0,0471;15;5;2020;9318
1770000;9298,7;9887,5;9265,8;0,0516;14;5;2020;9778,4
1500000;8813,9;9384,6;8799,1;0,055;13;5;2020;9298,7
1350000;8569,8;8964,5;8542,8;0,0273;12;5;2020;8813,8
2290000;8737,6;9129,6;8235,6;-0,0182;11;5;2020;8579,8
2470000;9553,9;9569,4;8259,3;-0,0854;10;5;2020;8738,8
1490000;9806;9910,5;9533,6;-0,0257;9;5;2020;9554,6
1420000;9980,1;10018,2;9731,4;-0,0174;8;5;2020;9806,2
1910000;9152,7;10033;9064,8;0,0905;7;5;2020;9979,8
1620000;9000,6;9373,7;8923,6;0,0167;6;5;2020;9151,4
1050000;8874,2;9078,7;8800,4;0,0142;5;5;2020;9001
1120000;8885,5;8945,5;8553,2;-0,0012;4;5;2020;8874,7
1150000;8966,2;9169,9;8742,2;-0,009;3;5;2020;8885,5
1110000;8628,6;9040,3;8621;0,0223;1;5;2020;8821,6
1040000;8647,8;9045,9;8054,7;-0,0435;30;5;2019;8271,9
15430000;8715,6;8747,2;8435,3;-0,0079;29;5;2019;8647,8
1080000;7261,9;8253,4;7252,3;0,1232;19;5;2019;8157,2
1430000;7871,9;7924;6998,6;-0,0651;17;5;2019;7359,5
1180000;8164,8;8293,3;7720,4;-0,0359;16;5;2019;7871,8
1130000;7994,8;8225,3;7856,5;0,0213;15;5;2019;8164,6
1330000;7806,4;8323,9;7674;0,0242;14;5;2019;7994,6
1200000;6984,7;8058,3;6893,1;0,1176;13;5;2019;7806
1350000;7190;7518,9;6802,6;-0,0286;12;5;2019;6984,8
1310000;6386,6;7373,8;6386,5;0,1259;11;5;2019;7190,3
1040000;5493,6;5844,2;5478,7;0,0497;3;5;2019;5766,8
1040000000;39686;39833;36183;-0,0792;5;5;2022;36544
35580;42141,6;42878,8;41971,4;0,0032;31;12;2023;42272,5
35180;42074,7;42592,2;41527,3;0,0015;30;12;2023;42136,7
60980;42581,1;43108;41459;-0,0119;29;12;2023;42072,4
49840;43446,5;43782,6;42309,3;-0,0199;28;12;2023;42581,1
50100;42514,3;43676,7;42115,3;0,022;27;12;2023;43446,5
56030;43579,9;43594,9;41796,6;-0,0244;26;12;2023;42513,3
32670;42982;43792,7;42745,3;0,0139;25;12;2023;43578,5
30860;43710,4;43935,7;42748,5;-0,0167;24;12;2023;42981,5
21290;43968,9;43994,6;43325,7;-0,0059;23;12;2023;43710,4
44500;43865,9;44394,6;43419,3;0,0023;22;12;2023;43968,9
48960;43660,3;44241,8;43310,2;0,0047;21;12;2023;43865,9
70190;42259,5;44278,7;42217,2;0,0332;20;12;2023;43662,8
55290;42659,7;43473,3;41842,7;-0,0094;19;12;2023;42259,3
61580;41369,1;42728;40554;0,0312;18;12;2023;42659,7
35460;42271,7;42413,2;41276,9;-0,0214;17;12;2023;41368,7
30110;41929;42690,3;41698,2;0,0082;16;12;2023;42271,7
45280;43025,2;43080,7;41697,9;-0,0255;15;12;2023;41929
59150;42886,3;43392,7;41591,2;0,0033;14;12;2023;43025,9
63110;41487;43417,5;40649,3;0,0337;13;12;2023;42884,5
57040;41256,1;42070,9;40691,5;0,0056;12;12;2023;41487
105190;43791;43806,3;40277,1;-0,0579;11;12;2023;41256,1
23810;43716,6;44045,4;43576,8;0,0017;10;12;2023;43791
31670;44175,5;44361,2;43617,4;-0,0103;9;12;2023;43718,4
58440;43288,3;44697,6;43108,4;0,0205;8;12;2023;44175,5
63090;43774,4;44046,4;42860,5;-0,0111;7;12;2023;43289,7
72520;44076,2;44283,7;43466,7;-0,0068;6;12;2023;43776,3
96840;41989,6;44424,1;41424,9;0,0497;5;12;2023;44076,2
104210;39968,6;42394,4;39968,6;0,0505;4;12;2023;41987,8
35270;39456,8;40178,9;39280,3;0,013;3;12;2023;39970,2
37090;38688,2;39673,4;38646,5;0,0199;2;12;2023;39458,4
62500;37712,9;38950,8;37618,3;0,0259;1;12;2023;38688,2
130440;16607,2;16635,9;16487,3;-0,0042;31;12;2022;16537,4
192760;16636,4;16644,4;16360;-0,0018;30;12;2022;16607,2
181470;16546,2;16659,1;16496,6;0,0055;29;12;2022;16636,4
217960;16705,9;16781,1;16474,2;-0,0096;28;12;2022;16546,2
192180;16918,2;16964;16610,1;-0,0125;27;12;2022;16706,1
133360;16831,8;16936,1;16799,4;0,0051;26;12;2022;16918,1
132890;16835,7;16852,9;16733;-0,0003;25;12;2022;16831,8
110120;16778,6;16855,8;16777,8;0,0035;24;12;2022;16837,2
184120;16820,5;16910,7;16768;-0,0025;23;12;2022;16779,1
198280;16831,8;16862,2;16566,1;-0,0007;22;12;2022;16820,6
174340;16902,7;16919,4;16735;-0,0042;21;12;2022;16831,8
284570;16441,3;17031,3;16400,7;0,0281;20;12;2022;16902,8
207930;16741,1;16809,5;16331,2;-0,0179;19;12;2022;16441,3
124290;16777;16825,7;16666,5;-0,0021;18;12;2022;16741,1
164490;16629;16794,4;16587;0,0089;17;12;2022;16777,1
303560;17356,7;17518,5;16542,4;-0,0419;16;12;2022;16629,6
263440;17796,4;17846,1;17298,2;-0,0247;15;12;2022;17356,1
318980;17778,6;18351,8;17682,1;0,001;14;12;2022;17796,4
328710;17210,9;17951,6;17094,5;0,033;13;12;2022;17778,6
249390;17093,2;17232,5;16878,5;0,0068;12;12;2022;17210,4
167200;17127;17262,9;17080,6;-0,002;11;12;2022;17093,3
148810;17125,7;17220,5;17105,7;0,0001;10;12;2022;17127,2
260839,99999999997;17225,6;17288,6;17082,1;-0,0058;9;12;2022;17125,7
261640;16835,2;17294,2;16765,8;0,0232;8;12;2022;17225,7
244360;17089,4;17126,7;16715,3;-0,0149;7;12;2022;16835,2
246190;16966,3;17101,1;16914,9;0,0072;6;12;2022;17089,3
268720;17106,9;17395,2;16886,9;-0,0085;5;12;2022;16966,5
197120;16884,8;17198,1;16881,6;0,0135;4;12;2022;17112,6
169290;17093,4;17132,6;16862,1;-0,0122;3;12;2022;16884,5
227010;16972,2;17096,2;16799,9;0,0072;2;12;2022;17093,6
266140;17163,4;17244,7;16868,9;-0,0112;1;12;2022;16972
58180;47123,3;48553,9;45693,6;-0,0192;31;12;2021;46219,5
60960;46470,7;47901,4;46003;0,0142;30;12;2021;47123,3
63920;47548,4;48121,7;46127,8;-0,0228;29;12;2021;46461,7
74390;50703,4;50703,8;47345,7;-0,0618;28;12;2021;47545,2
43900;50783,6;52016,3;50459;-0,002;27;12;2021;50678,2
32340,000000000004;50404;51247;49527;0,0074;26;12;2021;50779,9
26670;50789,6;51140,2;50196,8;-0,0075;25;12;2021;50406,4
45970;50807,4;51795,3;50428,4;-0,0003;24;12;2021;50786,1
56240;48599,6;51355,6;48053,4;0,0453;23;12;2021;50801
40890;48898,7;49540,3;48449,7;-0,0062;22;12;2021;48599,7
57880;46900,1;49306,1;46654;0,0428;21;12;2021;48902
57530;46703,4;47488,9;45577,3;0,0041;20;12;2021;46895,2
44050;46855,7;48270,2;46438,4;-0,0032;19;12;2021;46704,5
36930;46171,8;47330,2;45513,4;0,0148;18;12;2021;46856,2
67500;47630,4;47997,2;45523,8;-0,0306;17;12;2021;46172,2
48200;48876,6;49387,8;47543,9;-0,0254;16;12;2021;47628,2
80280;48366,2;49477,9;46572,6;0,0104;15;12;2021;48871,5
62540;46709,8;48635;46338,3;0,0356;14;12;2021;48366,5
80370;50075,9;50196,1;45848,2;-0,0674;13;12;2021;46703,6
40300;49332,5;50779,2;48670,5;0,0155;12;12;2021;50081
45230;47138,4;49487;46834;0,0462;11;12;2021;49314,5
68060;47591,7;49974,8;47007,1;-0,0097;10;12;2021;47137,2
58690;50477,6;50790,2;47341,9;-0,057;9;12;2021;47596,6
55590;50596,6;51204,7;48700,7;-0,0024;8;12;2021;50473,9
56290;50547,4;51918,6;50070,9;0,0007;7;12;2021;50595,2
89680;49412,1;50913,3;47237,9;0,0234;6;12;2021;50562,1
72030;49196,4;49689,3;47797,8;0,0043;5;12;2021;49405,5
168000;53620,7;53847,2;42587,8;-0,0827;4;12;2021;49195,2
89200;56495,2;57543,6;52008,9;-0,0507;3;12;2021;53631,5
54940;57207,8;57377,5;55807,9;-0,0125;2;12;2021;56496
66750;56891,7;59064,3;56496,5;0,0058;1;12;2021;57210,3
136690;28866,8;29298,8;28025;0,0028;31;12;2020;28949,4
159820;27374,5;28979,3;27374,5;0,0545;30;12;2020;28868,7
119570;27065,3;27390,7;25902,8;0,0118;29;12;2020;27376
126980;26259,2;27444,9;26144,3;0,0303;28;12;2020;27057,8
231230;26460,3;28360,3;25858,2;-0,0073;27;12;2020;26261,3
155770;24714,7;26826;24515,1;0,0715;26;12;2020;26454,4
2400;23728,7;24778,9;23445,3;0,0402;25;12;2020;24689,6
104590;23253,2;23783,7;22737,3;0,0206;24;12;2020;23736,5
178470;23820,8;24063,7;22694,7;-0,0237;23;12;2020;23257,9
130750;22730,4;23825,4;22388,6;0,0482;22;12;2020;23823,2
154690;23474,1;24101,9;22015,5;-0,0318;21;12;2020;22728,5
114090;23843,6;24280,9;23098,9;-0,0155;20;12;2020;23474,9
133880;23127,6;24107,1;22797;0,031;19;12;2020;23844
131800;22823,3;23272,8;22361,5;0,0133;18;12;2020;23127,9
310740;21352,3;23738;21243,1;0,069;17;12;2020;22825,4
199810;19434,7;21525,3;19299,7;0,0987;16;12;2020;21352,2
98390;19273,9;19556,3;19076,2;0,0084;15;12;2020;19434,9
67110;19176,4;19346,5;19007;0,0051;14;12;2020;19273,8
82450;18808,1;19403,6;18716,8;0,0196;13;12;2020;19176,8
71370;18026,7;18936,2;18025,1;0,0436;12;12;2020;18808,9
111530;18250,5;18288,3;17600,1;-0,0123;11;12;2020;18023,6
85310;18546,1;18551,8;17926,8;-0,0161;10;12;2020;18247,2
129720;18322,4;18637,9;17658,8;0,012;9;12;2020;18546
101410;19170,8;19288,6;18229,2;-0,044;8;12;2020;18326,6
61980;19368,4;19424,6;18908,8;-0,0108;7;12;2020;19170,7
54560;19146;19417,1;18873;0,0122;6;12;2020;19379,9
59440;18657,5;19172,7;18507,1;0,0262;5;12;2020;19146,5
110630;19431,1;19529,5;18610,8;-0,0399;4;12;2020;18658,1
99970;19219,8;19596,6;18883,7;0,0112;3;12;2020;19433,3
91920;18767,9;19335,5;18346,7;0,0239;2;12;2020;19218,8
208720;19697,8;19897,4;18257;-0,0471;1;12;2020;18770,7
586600;7261,5;7331;7167,4;-0,009;31;12;2019;7196,4
606110;7397,5;7420,9;7244,1;-0,0184;30;12;2019;7261,8
611690;7321,6;7518,9;7303;0,0104;29;12;2019;7397,5
610960;7261,9;7375,9;7256,5;0,0082;28;12;2019;7321,5
718070;7210,8;7293,8;7128,5;0,007;27;12;2019;7261,7
795090;7225;7414,3;7177,3;-0,0019;26;12;2019;7210,9
625410;7268,3;7542,4;7150,9;-0,006;25;12;2019;7224,8
785540;7322,4;7433,2;7185,7;-0,0074;24;12;2019;7268,3
952160;7496,2;7684;7276,2;-0,0231;23;12;2019;7322,8
677940;7156,3;7501,1;7142;0,0474;22;12;2019;7495,8
468740;7196,4;7197,6;7129,6;-0,0056;21;12;2019;7156,2
627040;7165,5;7218,4;7107,7;0,0043;20;12;2019;7196,4
778720;7276,4;7354;7039,3;-0,0152;19;12;2019;7165,5
894550;6903,5;6943,5;6575;-0,042;17;12;2019;6613,3
689560;7128,5;7153,1;6864,6;-0,0316;16;12;2019;6903,5
492580;7080,8;7175,8;7033,8;0,0067;15;12;2019;7128,5
524560;7255,2;7267,4;7043,3;-0,024;14;12;2019;7080,8
503490;7208,4;7288;7200,3;0,0065;13;12;2019;7255,2
518400;7235,8;7284,4;7168,8;-0,0038;11;12;2019;7208
609500;7356,2;7400,3;7192,1;-0,0163;10;12;2019;7235,7
648660;7524,8;7626;7321,6;-0,0224;9;12;2019;7355,8
499040;7510,8;7576,4;7416,7;0,0018;8;12;2019;7524,4
557140;7530,4;7595,7;7489,6;-0,0026;7;12;2019;7510,9
706100;7399,2;7552,1;7329,8;0,0178;6;12;2019;7530,8
780780;7204,6;7476,3;7184;0,027;5;12;2019;7399,2
971750;7291,9;7702,2;7113,6;-0,012;4;12;2019;7204,4
548770;7298,1;7389,4;7227,1;-0,0009;3;12;2019;7291,8
687780;7395,9;7433,8;7173,6;-0,0133;2;12;2019;7298,2
777000;7546,5;7546,5;7244,4;-0,0199;1;12;2019;7396,4
545830;3815,1;3819,6;3658,8;-0,0277;31;12;2018;3709,4
519169,99999999994;3708,2;3837,7;3682,5;0,0292;30;12;2018;3815
505410;3861,6;3899,6;3696;-0,0401;29;12;2018;3706,8
565240;3587,1;3900,3;3565,5;0,0766;28;12;2018;3861,6
543440;3793,4;3822,6;3560,8;-0,0545;27;12;2018;3586,9
567110;3762,8;3841,9;3680,3;0,0083;26;12;2018;3793,7
670940;4025,6;4030,7;3676,5;-0,0655;25;12;2018;3762,5
716290;3944,5;4208,2;3941,9;0,0207;24;12;2018;4026,1
572210;3964,3;4037,1;3904,6;-0,005;23;12;2018;3944,4
554590;3850,9;3977,2;3803,7;0,0295;22;12;2018;3964,4
748760;4075,2;4153,1;3786,9;-0,0552;21;12;2018;3850,9
958580;3687,2;4140,3;3665,8;0,1055;20;12;2018;4076
792400;3668,1;3924,7;3647,5;0,0052;19;12;2018;3687,1
698530;3526;3683,1;3456,9;0,0402;18;12;2018;3668
534780;3248,3;3597,4;3243,1;0,0857;17;12;2018;3526,1
335690;3228,6;3305;3225,9;0,006;16;12;2018;3247,9
332950;3247,8;3282,3;3177;-0,0059;15;12;2018;3228,7
445560;3315,4;3336,6;3199,1;-0,0204;14;12;2018;3247,8
435890;3466,2;3474,4;3284,8;-0,0435;13;12;2018;3315,3
391170;3390,2;3510,2;3379,4;0,0172;12;12;2018;3466,1
418530;3460,4;3485,9;3349,9;-0,0153;11;12;2018;3407,7
394490;3566,9;3622,4;3412,7;-0,03;10;12;2018;3460,5
327930;3430,3;3677,6;3424,2;0,04;9;12;2018;3567,5
424400;3422,3;3507,7;3302,9;0,0024;8;12;2018;3430,4
639330;3508,9;3626,6;3251,8;-0,0246;7;12;2018;3422,2
467540;3771,4;3887,2;3505,7;-0,0697;6;12;2018;3508,6
341600;3958,1;3974,1;3765,2;-0,0472;5;12;2018;3771,6
326710;3899,9;4082,9;3809,3;0,0156;4;12;2018;3958,5
355100;4160,3;4177;3839,9;-0,0631;3;12;2018;3897,8
298630;4196,2;4316,1;4105,3;-0,0085;2;12;2018;4160,4
316300;4038,7;4299,1;3967,1;0,0387;1;12;2018;4196,2
111270;12532,4;14241,8;12359,4;0,1052;31;12;2017;13850,4
182070;14392,1;14461,5;11962,1;-0,1293;30;12;2017;12531,5
118880;14398,5;15109,8;13951,1;-0,0004;29;12;2017;14392,6
170370;15416,3;15505,5;13466,1;-0,066;28;12;2017;14398,7
138710;15757;16514,6;14534,7;-0,0216;27;12;2017;15416,6
143140;13830,2;16094,7;13748,5;0,139;26;12;2017;15756,6
107480;13790;14467,4;13010,7;0,0032;25;12;2017;13833,5
182420;14396,6;14413,7;12166,5;-0,0421;24;12;2017;13790
170170;13665;15493,2;13356,1;0,0535;23;12;2017;14396,5
466980;15632,1;15823,7;10875,7;-0,1258;22;12;2017;13665
163740;16461,1;17301,8;14953;-0,0504;21;12;2017;15632,1
227680;17521,7;17813,6;15642,7;-0,0606;20;12;2017;16462
174540;18971,2;19022;16812,8;-0,0764;19;12;2017;17523,7
139250;19065,7;19221,1;18114,4;-0,0049;18;12;2017;18972,3
117410;19346,6;19870,6;18750,9;-0,0145;17;12;2017;19065,7
112170;17594,1;19587,7;17318,5;0,0989;16;12;2017;19345,5
153650;16467,9;17987;16442,2;0,069;15;12;2017;17604,8
107920;16286,8;16941,1;16023,6;0,0111;14;12;2017;16467,9
155410;17083,9;17268;15669,9;-0,0467;13;12;2017;16286,8
132850;16733,3;17560,7;16254,5;0,021;12;12;2017;17083,9
159730;15060,5;17399,2;15024,6;0,1111;11;12;2017;16732,5
201620;14840;15783,2;13031;0,0146;10;12;2017;15059,6
181980;16048,2;16313,2;13151,5;-0,075;9;12;2017;14843,4
286760;16868;17294,8;13906,1;-0,0476;8;12;2017;16047,6
297110;13750,1;16879,3;13401,6;0,2255;7;12;2017;16850,3
191580;11667,1;13843,2;11661,8;0,1785;6;12;2017;13749,6
89690;11624,4;11901,9;11486,1;0,0037;5;12;2017;11667,1
93170;11244,2;11624,6;10917,8;0,0336;4;12;2017;11623,9
122130;10912,7;11851,1;10578,4;0,0306;3;12;2017;11246,2
86830;10861,5;11175,2;10715,5;0,0047;2;12;2017;10912,7
131920;9947,1;10942,8;9420,9;0,092;1;12;2017;10861,5
27560;959;965,5;942,4;0,0045;31;12;2016;963,4
70840;971,1;971,6;927,4;-0,0124;30;12;2016;959
61130;972,2;982,6;949,2;-0,0011;29;12;2016;971,1
77290;925,8;974,5;925,5;0,0501;28;12;2016;972,2
49690;898,4;937,9;893,4;0,0305;27;12;2016;925,8
38790;891,1;909,3;885,9;0,0082;26;12;2016;898,4
46030;917,2;920,5;880,8;-0,0285;24;12;2016;891,1
102220;860,2;920,3;858;0,0663;23;12;2016;917,2
70560;829,2;874,7;828,9;0,0373;22;12;2016;860,2
65290,000000000007;799,1;833,1;796;0,0377;21;12;2016;829,2
34480;789,8;800;787,1;0,0118;20;12;2016;799,1
25460;789;793,7;786,3;0,001;19;12;2016;789,8
14530;787,2;791,3;783,8;0,0023;18;12;2016;789
23580;782;791,6;779,4;0,0065;17;12;2016;787,2
27610;775,2;783,9;773,3;0,0088;16;12;2016;782
26220;776,5;780,3;773,1;-0,0017;15;12;2016;775,2
24780;778,7;780,8;771;-0,0029;14;12;2016;776,5
33110;778,5;790,3;767,8;0,0003;13;12;2016;778,7
28760;767,9;781,3;767,9;0,0138;12;12;2016;778,5
17140;774;774,2;763;-0,0079;11;12;2016;767,9
18020;770,5;777;769,2;0,0046;10;12;2016;774
24180;768,5;773,5;765;0,0026;9;12;2016;770,5
28780;765,6;773,4;761,2;0,0038;8;12;2016;768,5
34870;758,2;769;754,3;0,0097;7;12;2016;765,6
33430;754,3;762,5;750,9;0,0051;6;12;2016;758,2
51170;766,4;769,2;746;-0,0157;5;12;2016;754,3
19160;764,2;769,2;758,8;0,0028;4;12;2016;766,4
38450;770,9;772,3;755,8;-0,0087;3;12;2016;764,2
63220;752,6;779;752,3;0,0243;2;12;2016;770,9
54030;742,5;755,5;741,1;0,0137;1;12;2016;752,6
65209,999999999993;427,1;433,1;417,1;0,0066;31;12;2015;430
68270;431,9;435;420,8;-0,011;30;12;2015;427,1
70650;421,8;433,6;419,3;0,0241;29;12;2015;431,9
68350;422,4;429,9;417,1;-0,0015;28;12;2015;421,8
67580;415,4;425,5;406,1;0,0169;27;12;2015;422,4
208580;454;456,5;400,5;-0,0852;26;12;2015;415,4
42390;453;457,4;449,5;0,0024;25;12;2015;454
79600;442,4;460,6;441,8;0,0238;24;12;2015;453
63250;437;444,8;434,3;0,0124;23;12;2015;442,4
65790;437,6;443,2;433,3;-0,0013;22;12;2015;437
121990;441,8;445,5;424;-0,0095;21;12;2015;437,6
121530;461,2;462,8;431,1;-0,0421;20;12;2015;441,8
61310;463,2;466;452,3;-0,0043;19;12;2015;461,2
83410;455,5;466,1;453,5;0,0168;18;12;2015;463,2
64580;454;458,4;447,3;0,0034;17;12;2015;455,5
185220;462,6;465,2;437,4;-0,0187;16;12;2015;454
107060;442;464,2;440,7;0,0467;15;12;2015;462,6
218920;434,7;449,5;428,8;0,0168;14;12;2015;442
64140;432,3;441;420,8;0,0056;13;12;2015;434,7
211440;449,8;467,7;403,7;-0,039;12;12;2015;432,3
175060;415,5;453,4;413,7;0,0826;11;12;2015;449,8
71660;416;420,4;409,5;-0,0012;10;12;2015;415,5
147360;410,7;424,6;403,3;0,013;9;12;2015;416
74360;394,3;411,1;388;0,0416;8;12;2015;410,7
96750;393,4;398,7;381,7;0,0023;7;12;2015;394,3
131860;386,7;402,2;382,6;0,0173;6;12;2015;393,4
115200;361,7;390,3;361,5;0,0692;5;12;2015;386,7
60550;360,3;364;354,3;0,0038;4;12;2015;361,7
87230;360;371,4;355,5;0,0009;3;12;2015;360,3
92450;361,8;363,4;347,2;-0,005;2;12;2015;360
111910;378;379;353,7;-0,0428;1;12;2015;361,8
20500;311,3;319,1;308,9;0,0224;31;12;2014;318,2
22780;314,1;316,2;309,3;-0,0091;30;12;2014;311,3
20360;316,5;321,6;308,3;-0,0076;29;12;2014;314,1
20410;315,3;322,8;310,5;0,0038;28;12;2014;316,5
21630;330;330,7;312;-0,0444;27;12;2014;315,3
23010;319;332,9;316,4;0,0345;26;12;2014;330
15390;322,4;323,4;316,3;-0,0106;25;12;2014;319
21520;335,3;336,3;320,6;-0,0383;24;12;2014;322,4
24070;330,8;339,3;328;0,0133;23;12;2014;335,3
35360;322,6;335,3;319,9;0,0254;22;12;2014;330,8
20670;330,4;332;320,1;-0,0234;21;12;2014;322,6
29920;317,8;332,6;316;0,0396;20;12;2014;330,4
41710;310,3;320,2;306,4;0,024;19;12;2014;317,8
60520;320;325,6;303,4;-0,0302;18;12;2014;310,3
61340;330,2;335,7;314,3;-0,0309;17;12;2014;320
38590;345,4;346,5;328,9;-0,0439;16;12;2014;330,2
22160;349,4;351,2;343,6;-0,0114;15;12;2014;345,4
12340;348,2;351,6;344,6;0,0032;14;12;2014;349,4
19540;353,4;353,1;343,8;-0,0146;13;12;2014;348,2
26850;347,7;356,4;346;0,0165;12;12;2014;353,4
51080;347,9;367,1;337,8;-0,0007;11;12;2014;347,7
27130;352,2;354,1;345,1;-0,0121;10;12;2014;347,9
43830;365;365,4;343,8;-0,035;9;12;2014;352,2
22920;376,5;377,4;364,6;-0,0306;8;12;2014;365
8810;376,3;377,9;372,5;0,0006;7;12;2014;376,5
11070;377,6;380,3;372;-0,0036;6;12;2014;376,3
29990;369,8;379,7;366,4;0,0211;5;12;2014;377,6
25330;377;380,4;366,2;-0,0189;4;12;2014;369,8
23510;380,6;384,7;373,6;-0,0097;3;12;2014;377
25290;378,6;384,9;375,4;0,0054;2;12;2014;380,6
19670;374,9;383,6;373;0,0098;1;12;2014;378,6
9170;804,8;813,9;777;0,0014;31;12;2013;805,9
10480;785;818,8;781;0,0253;30;12;2013;804,8
7040;762;804;735;0,0301;29;12;2013;785
13340;803;806;715,6;-0,0511;28;12;2013;762
13890;802;836,8;767,9;0,0013;27;12;2013;803
23530;707,3;829,6;707,2;0,1339;26;12;2013;802
5340;702,8;710;673,9;0,0064;25;12;2013;707,3
10950;713,2;729,9;666;-0,0147;24;12;2013;702,8
15070;639,5;724,9;631;0,1153;23;12;2013;713,2
11630;640,5;699,9;615;-0,0015;22;12;2013;639,5
14730;650;690;610;-0,0146;21;12;2013;640,5
34770;732;774,4;621,3;-0,112;20;12;2013;650
45760;541;746;522,4;0,353;19;12;2013;732
110500;715;717;454,9;-0,2434;18;12;2013;541
31710;759,9;780;678,9;-0,0592;17;12;2013;715
41330;919,9;924,9;714;-0,1739;16;12;2013;759,9
15170;908,9;927,9;838;0,012;15;12;2013;919,9
11590;936,8;947,9;875,1;-0,0297;14;12;2013;908,9
17370;900;989,9;882,1;0,0409;13;12;2013;936,8
9910;919,9;941;839,5;-0,0217;12;12;2013;900
24360;1033,7;1056,8;856,1;-0,1101;11;12;2013;919,9
22100;919;1067,7;912;0,1249;10;12;2013;1033,7
27630;804;980;787,7;0,143;9;12;2013;919
31210;697;829;653;0,1534;8;12;2013;804
97660;845;896;576;-0,1751;7;12;2013;697
53520;1106,3;1118,9;800,1;-0,2362;6;12;2013;845
58440;1237,6;1239,9;870;-0,106;5;12;2013;1106,3
16300;1154,9;1239,7;1131,3;0,0716;4;12;2013;1237,6
19340;1096,6;1185,6;1064,9;0,0532;3;12;2013;1154,9
37050;1004,4;1117,7;975;0,0918;2;12;2013;1096,6
79920;1205,7;1216,8;840,3;-0,1669;1;12;2013;1004,4
15050;13,4;13,6;13,4;0,0045;31;12;2012;13,5
11760;13,4;13,6;13,4;0,0037;30;12;2012;13,4
19820;13,5;13,5;13,3;-0,0037;27;12;2012;13,4
15840;13,4;13,5;13,2;0,009;26;12;2012;13,5
16690;13,3;13,4;13,2;0,0053;24;12;2012;13,4
23980;13,4;13,5;13;-0,0045;23;12;2012;13,3
14780;13,5;13,6;13,3;-0,0096;22;12;2012;13,4
32980;13,6;13,7;13,3;-0,0059;20;12;2012;13,5
38810;13,3;13,6;13,2;0,0226;19;12;2012;13,6
23220;13,3;13,4;13,1;0,0038;18;12;2012;13,3
63630;13,3;13,5;12,8;-0,0038;17;12;2012;13,3
42760;13,5;13,7;13,1;-0,0141;16;12;2012;13,3
15190;13,6;13,6;13,4;-0,0081;15;12;2012;13,5
70140;13,7;13,9;13;-0,0073;14;12;2012;13,6
37680;13,6;13,8;13,3;0,0103;12;12;2012;13,7
28050;13,4;13,7;13,3;0,0097;11;12;2012;13,6
13170;13,5;13,6;13,4;-0,0059;8;12;2012;13,4
32800;13,3;13,6;13;0,015;7;12;2012;13,5
46560;13,4;13,7;12,9;-0,006;6;12;2012;13,3
63250;12,7;13,5;12,6;0,0576;4;12;2012;13,4
26760;12,5;12,7;12,5;0,0144;3;12;2012;12,7
14010;12,6;12,7;12,4;-0,0048;2;12;2012;12,5
129729,99999999999;4,3;5;4,2;0,1106;31;12;2011;4,7
41070;4,2;4,3;4,1;0,0192;30;12;2011;4,3
33840;4,1;4,3;4;0,0295;28;12;2011;4,2
30160;4;4,1;4;0,0124;27;12;2011;4,1
88830;4,2;4,3;3,8;-0,0474;26;12;2011;4
80800;3,9;4,4;3,8;0,0711;25;12;2011;4,2
20500;3,9;4;3,8;0,0154;23;12;2011;4
48790;4;4;3,8;-0,0152;21;12;2011;3,9
186410;3,5;4,5;3,5;0,1222;20;12;2011;4
139990;3,2;3,7;3,2;0,1034;19;12;2011;3,5
72480;3,3;3,3;3;-0,0308;14;12;2011;3,2
32659,999999999996;3,1;3,3;3,1;0,035;13;12;2011;3,3
39900;3,3;3,3;3,1;-0,0338;12;12;2011;3,1
108220;3;3,4;3;0,0656;11;12;2011;3,3
74310;3;3,1;2,9;0,0269;10;12;2011;3
55600;2,9;3;2,9;0,0521;6;12;2011;3
30890;2,8;2,9;2,8;0,0177;5;12;2011;2,9
123020;3,1;3,1;2,8;-0,1058;3;12;2011;2,8
57500;3,1;3,1;3;0,0196;2;12;2011;3,1
63860;3;3,1;2,9;0,0303;1;12;2011;3,1
1140000;6613,5;7387,7;6462,2;0,1002;18;12;2019;7276
43400;34478,9;34704,6;34053,9;0,005;31;10;2023;34650,6
45200;34526,7;34853,3;34089,5;-0,0014;30;10;2023;34477,9
27720;34082,6;34737,9;33937,6;0,013;29;10;2023;34526,7
22000;33901,6;34387,8;33867,3;0,0053;28;10;2023;34082,6
47330;34153,7;34245,8;33423,6;-0,0074;27;10;2023;33901,8
56620;34497,6;34826;33749,9;-0,0099;26;10;2023;34153,7
75810;33917;35123,9;33713,4;0,0171;25;10;2023;34496,8
159080;33037,3;35191,4;32866,5;0,0265;24;10;2023;33917
133460;29984,2;34375,6;29891,4;0,102;23;10;2023;33041,8
29070;29912,7;30193,4;29713,6;0,0024;22;10;2023;29984,2
34680;29674,7;30264,8;29469,1;0,008;21;10;2023;29912,9
82680;28724;30165,9;28586,1;0,0331;20;10;2023;29674,5
50100;28321,8;28883,8;28170,2;0,0142;19;10;2023;28723
45010;28405,2;28876;28169;-0,0029;18;10;2023;28321,7
53420;28508,3;28608,5;28096,9;-0,0037;17;10;2023;28403,6
119180;27161,2;29969,5;27119,7;0,0496;16;10;2023;28509,7
21950;26852,8;27286,9;26812,6;0,0115;15;10;2023;27161,2
13560;26863,5;26975,7;26805,1;-0,0004;14;10;2023;26852,8
33660;26761,1;27114,8;26682,9;0,0038;13;10;2023;26863,5
32750;26878,2;26942,8;26565,3;-0,0043;12;10;2023;26761,1
55780;27391,9;27475,9;26558,4;-0,0188;11;10;2023;26876,6
34320;27581,5;27728,1;27300,1;-0,0069;10;10;2023;27391
44810;27922,7;27986,4;27279,5;-0,0122;9;10;2023;27581,4
24110;27961,1;28097,5;27714,4;-0,0014;8;10;2023;27922,7
17290;27935,5;28021,3;27859;0,0009;7;10;2023;27961,1
52510;27410,3;28223,6;27195,7;0,0192;6;10;2023;27936,9
46260;27783,5;28089,1;27371,7;-0,0137;5;10;2023;27410,3
40930;27428,7;27832,7;27242,5;0,0132;4;10;2023;27790,9
44060;27501,6;27670,8;27194,1;-0,0028;3;10;2023;27428,4
84300;27974,6;28556,6;27325,2;-0,0168;2;10;2023;27505,3
35110;26962,5;28038,4;26955,7;0,0375;1;10;2023;27974,5
327470;20626;20822,4;20260;-0,0063;31;10;2022;20496,3
207630;20809,4;20922,3;20522,5;-0,0088;30;10;2022;20626,3
276540;20594,2;21038,1;20561,9;0,0105;29;10;2022;20809,8
318900;20293;20744;20058,2;0,0149;28;10;2022;20594,4
365490;20769,5;20867,9;20231,6;-0,0229;27;10;2022;20292,9
427990;20086,8;20981,5;20062,9;0,0342;26;10;2022;20769,5
371540;19331,8;20406,9;19249;0,0389;25;10;2022;20082,7
286940;19571,2;19588,6;19177,2;-0,0122;24;10;2022;19331,5
180630;19204,8;19680,9;19092,5;0,0191;23;10;2022;19571,2
118240;19162,6;19249,9;19116,1;0,0022;22;10;2022;19204,8
294660;19042,9;19245,5;18703,3;0,0063;21;10;2022;19162,6
253200;19125,1;19334,5;18935,6;-0,0042;20;10;2022;19042,9
209280;19328,2;19358,6;19101,2;-0,0106;19;10;2022;19123,9
290070;19548,4;19692,9;19102,8;-0,0113;18;10;2022;19328,2
248400;19262,2;19663,5;19163,6;0,0149;17;10;2022;19548,2
140950;19068,8;19411,9;19066;0,0101;16;10;2022;19261,9
123660;19181,7;19218,7;19000,8;-0,0059;15;10;2022;19068,7
400450;19379,8;19933,9;19098,6;-0,0102;14;10;2022;19181,8
455130;19154,6;19494,4;18207,9;0,0117;13;10;2022;19379,8
242180;19058,5;19212,6;19010,6;0,005;12;10;2022;19154,8
288570;19134,3;19261,3;18868,7;-0,0039;11;10;2022;19059,1
243770;19441,7;19520,7;19057;-0,0158;10;10;2022;19134,6
127530;19416,3;19552,1;19329,6;0,0013;9;10;2022;19441
113500;19530,2;19612,2;19274,7;-0,006;8;10;2022;19415
263500;19962,4;20051,4;19352,1;-0,0213;7;10;2022;19531,3
370600;20157,5;20436,7;19873,7;-0,01;6;10;2022;19956,7
352760;20340,5;20353,8;19761,7;-0,009;5;10;2022;20157,5
368170;19629,7;20436,1;19506,4;0,0363;4;10;2022;20340,2
333030;19057,6;19676;19001,3;0,0302;3;10;2022;19628,3
222820;19311,9;19389,9;18937,3;-0,0134;2;10;2022;19052,2
173910;19422,9;19480,3;19172,6;-0,0057;1;10;2022;19311,9
50060;61842,2;62393,7;60005,7;-0,0086;31;10;2021;61309,6
40510;62245;62338,5;60786;-0,0065;30;10;2021;61840,1
63390;60579,9;62952,2;60322,2;0,0274;29;10;2021;62242,8
88470;58437,2;62251,3;58128,1;0,0367;28;10;2021;60582,5
88110;60312,5;61452,9;58112,6;-0,0311;27;10;2021;58438,1
57130;63067,5;63275,1;59907,3;-0,0437;26;10;2021;60310,8
51060;60864,3;63694,8;60655,8;0,0362;25;10;2021;63067
42670;61308,2;61469,9;59523,7;-0,0073;24;10;2021;60866,5
37050;60693,2;61728,7;59738,3;0,0103;23;10;2021;61312,5
75690;62200,8;63699,7;60055,7;-0,0244;22;10;2021;60690,3
105380;66004,6;66616,9;62092,1;-0,0571;21;10;2021;62210,2
79870;64276,9;66967,1;63543,7;0,0265;20;10;2021;65979,1
80160;62030,2;64454;61451;0,0358;19;10;2021;64278,5
80150;61525,8;62623,6;60026,9;0,0086;18;10;2021;62056,3
53390;60865,5;61651,4;59143,4;0,0109;17;10;2021;61527,5
49930;61669,2;62329,2;60161,9;-0,0132;16;10;2021;60861,1
121480;57348,2;62892,8;56874,8;0,0754;15;10;2021;61672,5
59840;57370,4;58506,5;56866,8;-0,0006;14;10;2021;57345,8
73620;56014,5;57697,4;54314,4;0,0244;13;10;2021;57380,1
74850;57480,6;57635,7;54155,4;-0,0254;12;10;2021;56015,9
73840;54686,9;57814,1;54457,8;0,051;11;10;2021;57477,3
104430;54942,5;56432,2;54100,8;-0,0046;10;10;2021;54687,7
64650,000000000007;53924,1;55430,8;53711,7;0,0191;9;10;2021;54942,5
64050;53785,5;55977,9;53659,3;0,0024;8;10;2021;53914,7
75680;55325,2;55325,6;53476,4;-0,0278;7;10;2021;53783,9
116260;51470;55676,1;50439,5;0,0749;6;10;2021;55323,2
76630;49229,5;51872,4;49060,1;0,0455;5;10;2021;51469,3
66920;48200,4;49481,7;46958,6;0,0213;4;10;2021;49227,3
42410;47665,4;49165,2;47123;0,0112;3;10;2021;48200,1
39820;48147,2;48306,9;47451,7;-0,01;2;10;2021;47666,9
94660;43824,4;48435,2;43292,9;0,0986;1;10;2021;48146
102750;13560,2;14065,4;13441,7;0,0175;31;10;2020;13797,3
108770;13457;13667,9;13134,5;0,0076;30;10;2020;13559,9
111230;13278,3;13640;12982,9;0,0134;29;10;2020;13457,2
144180;13658,3;13851,7;12907,6;-0,0277;28;10;2020;13278,9
128639,99999999999;13061,5;13782,3;13050,3;0,0456;27;10;2020;13657,8
89470;13033;13229,7;12792,4;0,0023;26;10;2020;13061,6
59730;13117;13345,3;12900,4;-0,0065;25;10;2020;13032,2
51200;12933,6;13161,5;12876,4;0,0142;24;10;2020;13117,2
73940;12972,7;13025,5;12738,9;-0,0031;23;10;2020;12934,1
113310;12805,5;13183,9;12698,2;0,013;22;10;2020;12974,6
197720;11913,6;13213,5;11894,6;0,0751;21;10;2020;12808,7
94590;11753,9;12029,4;11685,7;0,0136;20;10;2020;11913,5
73040;11507,1;11823,3;11413,9;0,0214;19;10;2020;11753,4
31510;11362,1;11506,9;11349,8;0,0127;18;10;2020;11506,9
29860;11321,8;11402,7;11274,4;0,0035;17;10;2020;11362,1
71420;11503,2;11542,2;11224,6;-0,0157;16;10;2020;11322
70840;11421,4;11590,9;11276,7;0,0072;15;10;2020;11503
59120;11424,4;11541;11293,5;-0,0003;14;10;2020;11420,4
64670;11533,5;11558;11315,9;-0,0095;13;10;2020;11423,8
84020;11370,8;11715,9;11227,4;0,0143;12;10;2020;11533,9
41060;11295,6;11439,4;11277,6;0,0064;11;10;2020;11371
65810;11053,5;11475;11053,1;0,0221;10;10;2020;11298,4
70950;10923,5;11103;10836,9;0,0119;9;10;2020;11054,2
79780;10670,7;10948,6;10549,6;0,0237;8;10;2020;10924,1
49270;10601;10680,1;10553,3;0,0064;7;10;2020;10670,9
69070;10790,2;10800,3;10530,8;-0,0173;6;10;2020;10602,6
48860;10672,5;10789,6;10623,4;0,0109;5;10;2020;10789,5
31400;10544,4;10693,3;10520,8;0,0122;4;10;2020;10672,9
29100;10572,2;10597,8;10501,2;-0,0027;3;10;2020;10544,2
77940;10619,6;10662,9;10387,6;-0,0045;2;10;2020;10572,3
95330;10776,6;10913,7;10462,7;-0,0144;1;10;2020;10620,5
798930;9157,9;9378,9;8959,6;-0,0006;31;10;2019;9152,6
789730;9411,3;9411,3;9018,4;-0,0269;30;10;2019;9157,9
918480;9206,5;9531,3;9125,3;0,0222;29;10;2019;9411,3
586490;7476,8;7501,5;7366,3;-0,0073;24;10;2019;7422,7
892080;8031;8055;7329,2;-0,069;23;10;2019;7477
570390;8207,4;8289,1;8017,7;-0,0215;22;10;2019;8031,4
489400;8224,1;8315,3;8155,7;-0,0018;21;10;2019;8208,2
513909,99999999994;7957,4;8288,5;7889,6;0,0334;20;10;2019;8223,4
428830;7948,3;8060,2;7892,4;0,0011;19;10;2019;7957,3
505790;8073,3;8116,4;7842;-0,0155;18;10;2019;7948,5
444950;8000,4;8118,2;7944,4;0,0091;17;10;2019;8073,3
538920;8167,1;8185,9;7929,8;-0,0204;16;10;2019;8000,4
469730;8353,4;8400,2;8139,5;-0,0223;15;10;2019;8167,2
505020;8281,3;8374,3;8222,2;0,0087;14;10;2019;8353,3
419870;8304,3;8450,2;8190,6;-0,0028;13;10;2019;8281,5
424020;8267,6;8394,8;8260,9;0,0044;12;10;2019;8304,4
667860;8562,2;8751,1;8249,7;-0,0344;11;10;2019;8267,8
511460;8566,8;8638,5;8438,7;-0,0005;10;10;2019;8562,3
636430;8180,1;8655,9;8122,7;0,0469;9;10;2019;8566,7
469040;8198,5;8323,1;8118,1;-0,0019;8;10;2019;8182,9
604740;7882,6;8293,5;7797;0,0402;7;10;2019;8198,6
448800;8127,3;8145,5;7834,9;-0,0302;6;10;2019;7881,9
360920;8148;8185,1;8030,6;-0,0025;5;10;2019;8127,3
416920;8227,6;8233,6;8041,4;-0,0096;4;10;2019;8148,1
460970;8363,6;8391,7;8090,1;-0,0164;3;10;2019;8226,9
405860;8302,7;8374;8167,7;0,0074;2;10;2019;8364,1
533950;8285;8486,2;8187,9;0,0022;1;10;2019;8302,7
129060;6327,9;6405,7;6257,8;0,0064;31;10;2018;6365,9
128210,00000000001;6336,7;6469,9;6316,5;-0,0015;30;10;2018;6325,7
160520;6486,1;6498,4;6310,5;-0,0233;29;10;2018;6335
93970;6494,6;6502,2;6461,2;-0,0012;28;10;2018;6486,1
76720;6510;6534;6473,7;-0,0024;27;10;2018;6494,2
97170;6507;6570,5;6498,5;0,0005;26;10;2018;6510
97430;6532,5;6544,8;6491,5;-0,0036;25;10;2018;6507
98740;6531,2;6593,8;6522,6;0,0003;24;10;2018;6530,7
108860;6558,6;6573,6;6500,5;-0,0041;23;10;2018;6528,7
101570;6583;6612,7;6529,5;-0,0041;22;10;2018;6555,8
92940;6575,9;6643,1;6568;0,0016;21;10;2018;6583
97770;6511,7;6593,7;6495,9;0,0092;20;10;2018;6572,2
121440;6576,4;6603,2;6506,9;-0,0094;19;10;2018;6512
134150;6690,1;6736,3;6530,6;-0,0168;18;10;2018;6574,1
136710;6718,9;6745,9;6637,8;-0,0028;17;10;2018;6686,6
155850;6712,4;6836,7;6645,4;0,0008;16;10;2018;6705,3
443330;6326,8;7358,4;6300,2;0,059;15;10;2018;6699,8
99380;6321,6;6390,9;6300;0,0008;14;10;2018;6326,8
94450;6291,3;6329,3;6282,8;0,0048;13;10;2018;6321,7
147400;6239,2;6344,8;6206,8;0,0084;12;10;2018;6291,3
245280;6618;6622,5;6206,2;-0,0572;11;10;2018;6239,1
101930;6650,6;6653,5;6526;-0,0049;10;10;2018;6618
80790;6669,6;6678,9;6613,3;-0,0028;9;10;2018;6650,8
119680;6611;6699,5;6589,9;0,0089;8;10;2018;6669,6
77060;6596,3;6633,9;6523,8;0,0022;7;10;2018;6611
101250;6124,3;6467,2;6090,8;0,0534;31;10;2017;6451,2
78620;6147,7;6226,2;6019;-0,0038;30;10;2017;6124,3
163060;5726,6;6295,4;5679,4;0,0735;29;10;2017;6147,5
53230;5764,6;5871;5654,8;-0,0066;28;10;2017;5726,6
83930;5887,6;5997,8;5692,3;-0,0209;27;10;2017;5764,6
93680;5734;5970,4;5689,9;0,0268;26;10;2017;5887,6
105840;5513,1;5748;5375,6;0,0401;25;10;2017;5734
143740;5903,6;5904,6;5463,4;-0,0662;24;10;2017;5513,1
137140;5982,9;6049;5644,2;-0,0132;23;10;2017;5903,6
105030;6006,6;6070,6;5723;-0,004;22;10;2017;5982,9
112940;5993,1;6187,2;5874,5;0,0023;21;10;2017;6006,6
123860;5698,6;6075,3;5611,4;0,0517;20;10;2017;5993,1
83060;5576,7;5737,4;5517,6;0,022;19;10;2017;5698,6
122020;5598,6;5601,3;5114,9;-0,0041;18;10;2017;5575,8
65640;5759,3;5773,3;5521,1;-0,0279;17;10;2017;5598,6
61360;5677,4;5795,3;5576,1;0,0125;16;10;2017;5759,3
101640;5824,7;5862,7;5448,2;-0,0234;15;10;2017;5688,1
76220;5637,3;5839,6;5568,9;0,0333;14;10;2017;5824,7
215020;5432,6;5852,8;5392;0,0377;13;10;2017;5637,3
163920;4824,2;5432,6;4815;0,1261;12;10;2017;5432,6
70480;4763,4;4874,9;4718,6;0,0128;11;10;2017;4824,2
98490;4777,5;4930;4722,8;-0,003;10;10;2017;4763,4
110190;4611,7;4875,4;4556,1;0,0359;9;10;2017;4777,5
71370;4435,8;4622,9;4419,4;0,0397;8;10;2017;4611,7
40200;4371,9;4472,9;4319,5;0,0146;7;10;2017;4435,8
61690;4321,4;4422,1;4296,9;0,0117;6;10;2017;4371,9
63610;4218,7;4365,8;4143,4;0,0244;5;10;2017;4321,4
64080;4314,2;4355,3;4183,6;-0,0221;4;10;2017;4218,7
81870;4401,3;4436;4230,7;-0,0198;3;10;2017;4314,2
71200;4403,1;4477,4;4364,7;-0,0004;2;10;2017;4401,3
60580;4360,6;4412,6;4258,3;0,0097;1;10;2017;4403,1
38050;697,3;707,2;682,2;0,002;31;10;2016;698,7
39330;715;714,9;689,5;-0,0247;30;10;2016;697,3
54030;686,2;720,2;685,2;0,0418;29;10;2016;715
38970;682,3;688,4;678,6;0,0058;28;10;2016;686,2
46560;674,7;687,9;672,3;0,0113;27;10;2016;682,3
47670;651;678,4;651,4;0,0364;26;10;2016;674,7
36740;650,5;662,5;647,7;0,0008;25;10;2016;651
33240;653;654,3;645,7;-0,0039;24;10;2016;650,5
21910;655,5;661,2;648,8;-0,0037;23;10;2016;653
37100;630,5;659,9;629,7;0,0397;22;10;2016;655,5
28090;628,3;633,3;627,6;0,0034;21;10;2016;630,5
20940;629,1;630,8;625,5;-0,0011;20;10;2016;628,3
35290;635,3;637,3;624,1;-0,0099;19;10;2016;629,1
24600;637,4;639,3;632,2;-0,0032;18;10;2016;635,3
27690;640,1;641,3;634,9;-0,0043;17;10;2016;637,4
12890;637;642,2;636,4;0,0049;16;10;2016;640,1
12380;637,9;641,4;635,1;-0,0014;15;10;2016;637
31420;635,6;640,5;630,7;0,0037;14;10;2016;637,9
25620;636;639,5;632,3;-0,0006;13;10;2016;635,6
26950;640,5;642,5;632,2;-0,007;12;10;2016;636
55770;617,3;642,3;615,6;0,0375;11;10;2016;640,5
25230;615,8;618,8;612,8;0,0025;10;10;2016;617,3
13430;617,7;618,3;613;-0,003;9;10;2016;615,8
13620;616;619,6;614,9;0,0026;8;10;2016;617,7
32729,999999999996;611;619,4;609,1;0,0083;7;10;2016;616
21630;611,8;612,7;608,5;-0,0014;6;10;2016;611
23400;609;613,7;608;0,0047;5;10;2016;611,8
24990;611,6;612,7;606,5;-0,0043;4;10;2016;609
21950;610,7;613,2;608,5;0,0015;3;10;2016;611,6
16540;613,4;614,2;607,7;-0,0044;2;10;2016;610,7
16930;608,1;615;607,1;0,0087;1;10;2016;613,4
105830;327,1;333,3;304,6;-0,0485;31;10;2015;311,2
156490;313,6;334,9;310,8;0,043;30;10;2015;327,1
138920;303,5;318,5;300,2;0,0332;29;10;2015;313,6
116410;294,7;307,5;294;0,0301;28;10;2015;303,5
105870;285,1;298,4;285,1;0,0334;27;10;2015;294,7
73210;287,9;287,6;279,6;-0,0094;26;10;2015;285,1
113900;282,6;295,6;281,8;0,0188;25;10;2015;287,9
60130;276,9;283;277;0,0204;24;10;2015;282,6
69320;274,4;279,8;273,2;0,0091;23;10;2015;276,9
93150;267,1;278,7;266,8;0,0274;22;10;2015;274,4
59640;269,8;272,2;263,5;-0,0098;21;10;2015;267,1
75400;263,8;272,1;262,7;0,0225;20;10;2015;269,8
58170;261,7;266;259,9;0,0082;19;10;2015;263,8
52270;269,6;272,4;259,5;-0,0293;18;10;2015;261,7
113840;262,9;275,4;261,7;0,0255;17;10;2015;269,6
95180;254,4;267,3;253,9;0,0331;16;10;2015;262,9
60640;252,3;256,8;251,2;0,0084;15;10;2015;254,4
69580;248,8;255,1;248,3;0,0143;14;10;2015;252,3
74880;245,4;251,2;243,1;0,014;13;10;2015;248,8
40390;247,6;248;244,6;-0,0093;12;10;2015;245,4
41430;245,4;248,3;244,5;0,0094;11;10;2015;247,6
38960;244;245,9;242,9;0,0054;10;10;2015;245,4
40570;242,6;244,6;241,3;0,006;9;10;2015;244
44150;243;244,8;241,6;-0,0016;8;10;2015;242,6
62600;246,1;247,3;241,6;-0,0128;7;10;2015;243
78840;240,1;247,6;239,4;0,0249;6;10;2015;246,1
61240;238,3;240,5;236,4;0,0076;5;10;2015;240,1
31850;238,6;277,6;237,5;-0,001;4;10;2015;238,3
43310;236,7;239,5;236,1;0,0079;3;10;2015;238,6
47940;237,1;238,4;235,1;-0,0014;2;10;2015;236,7
52880;235,9;238,7;234,7;0,0047;1;10;2015;237,1
14000;344,9;348;336,1;-0,0203;31;10;2014;337,9
16120,000000000002;335,1;350,4;333,4;0,0291;30;10;2014;344,9
12260;351,1;352,8;334,7;-0,0454;29;10;2014;335,1
9430;350,1;355,7;348,3;0,0028;28;10;2014;351,1
10600;348,7;356,4;344,9;0,0041;27;10;2014;350,1
11580;346,7;356,8;344,2;0,0056;26;10;2014;348,7
14040;355,1;356,6;341,5;-0,0236;25;10;2014;346,7
20030;355,8;360,9;351,4;-0,0019;24;10;2014;355,1
19120;378,9;381,1;353,5;-0,0611;23;10;2014;355,8
10530;382,4;383,7;377;-0,0089;22;10;2014;378,9
9660;380,4;388,2;377,4;0,0052;21;10;2014;382,4
10560;387,3;387,8;378,4;-0,0178;20;10;2014;380,4
5330;390,9;394,5;383,9;-0,0092;19;10;2014;387,3
9450;380,5;395,7;373,6;0,0273;18;10;2014;390,9
16570;379,8;384,8;372,4;0,0019;17;10;2014;380,5
20790;393,2;398,8;371,6;-0,0341;16;10;2014;379,8
22490;397,1;397,9;388,2;-0,0099;15;10;2014;393,2
28870;387,3;407,7;385,7;0,0253;14;10;2014;397,1
23580;373,2;391,2;366;0,0379;13;10;2014;387,3
11230;361,2;374,6;352,3;0,0331;12;10;2014;373,2
13930;361,7;370,1;350,5;-0,0014;11;10;2014;361,2
28410;360,9;378,1;353,3;0,0022;10;10;2014;361,7
35590;350,9;384,6;347,6;0,0286;9;10;2014;360,9
21770;331,6;351,6;325,4;0,058;8;10;2014;350,9
30170;331,5;345,5;321,7;0,0003;7;10;2014;331,6
41170;322,9;347,9;303;0,0269;6;10;2014;331,5
29850;335,3;344,3;294,9;-0,0372;5;10;2014;322,9
23040;363,5;369,9;327,1;-0,0774;4;10;2014;335,3
16810;375,1;378,2;362,8;-0,0312;3;10;2014;363,5
14300;382,8;385,6;371,2;-0,0201;2;10;2014;375,1
17730;388,2;395,1;381,1;-0,0137;1;10;2014;382,8
5290;208;215;205,4;0,0152;31;10;2013;211,2
13470;216;216,5;204;-0,037;30;10;2013;208
10020;206,9;216,5;204,2;0,044;29;10;2013;216
13160;188,6;207,8;188,9;0,0973;27;10;2013;206,9
12090;197,9;198,4;187;-0,0471;26;10;2013;188,6
36750;207;209;176,6;-0,044;25;10;2013;197,9
96750;228;233,4;175,3;-0,0921;24;10;2013;207
39900;203;228;200,7;0,1231;23;10;2013;228
33870;192,8;205,5;192,8;0,053;22;10;2013;203
24100;186,1;197,4;183,2;0,0359;21;10;2013;192,8
11420;183,1;186,1;177,2;0,0161;20;10;2013;186,1
55280;168,3;195,8;167,1;0,0884;19;10;2013;183,1
25890;157,6;168,3;156,5;0,0678;18;10;2013;168,3
15880;152,8;159,9;150,8;0,0312;17;10;2013;157,6
42780;158,1;163;144,2;-0,0333;16;10;2013;152,8
15730;151,4;158,1;150,6;0,0444;15;10;2013;158,1
29990;147,5;153,7;146;0,026;14;10;2013;151,4
16170,000000000002;142,9;147,6;141,5;0,0325;13;10;2013;147,5
11020;140,1;143,1;139,4;0,0199;12;10;2013;142,9
7250;140,4;141,9;138,9;-0,0022;11;10;2013;140,1
11080;139,5;141,7;138,5;0,0065;10;10;2013;140,4
17490;136,5;142,1;135,8;0,0221;9;10;2013;139,5
5230;135,8;137,8;135,6;0,0051;8;10;2013;136,5
7360;137,8;139;135,1;-0,0145;7;10;2013;135,8
4890;136,7;138;134,1;0,008;6;10;2013;137,8
5000;136,8;138;135,3;-0,0009;5;10;2013;136,7
18510;131;139,8;128,5;0,0445;4;10;2013;136,8
35270;123;132;120,1;0,065;3;10;2013;131
111320;140,3;141,9;109,7;-0,1233;2;10;2013;123
9570;141,9;144,4;139,4;-0,0113;1;10;2013;140,3
40670;10,9;11,2;10,7;0,0285;31;10;2012;11,2
26020;10,6;10,9;10,6;0,0274;30;10;2012;10,9
37580;10,7;10,9;10,3;-0,0093;29;10;2012;10,6
22390;10,3;10,9;10,3;0,0429;28;10;2012;10,7
47870;10,2;10,8;9,8;0,0088;27;10;2012;10,3
99000;10,9;10,9;9,7;-0,0635;26;10;2012;10,2
84710;11,6;11,7;10,5;-0,0678;25;10;2012;10,9
54340;11,7;12;11,4;-0,0051;23;10;2012;11,6
37620;11,6;11,8;11,5;0,0069;22;10;2012;11,7
9380;11,7;11,8;11,6;-0,0094;21;10;2012;11,6
23180;11,9;12;11,6;-0,0168;19;10;2012;11,7
21880;11,8;12;11,8;0,011;18;10;2012;11,9
27100;11,7;12;11,4;0,0085;15;10;2012;11,8
22890;11,9;12;11,5;-0,0101;14;10;2012;11,7
11860;12;12,1;11,9;-0,0117;13;10;2012;11,9
19830;12,1;12,1;11,9;-0,0074;11;10;2012;12
27720;11,9;12,2;11,8;0,0185;10;10;2012;12,1
46770;11,8;12,4;11,6;0,0102;9;10;2012;11,9
63510;12,5;12,6;11,7;-0,0568;7;10;2012;11,8
24670;12,7;12,9;12,4;-0,0142;6;10;2012;12,5
31260;12,9;13;12,5;-0,0125;5;10;2012;12,7
32960;12,8;13;12,7;0,0039;3;10;2012;12,9
50830;12,4;12,9;12,3;0,0355;2;10;2012;12,8
50690;3,6;3,7;3,2;-0,0866;30;10;2011;3,3
79540;3,2;3,8;3,1;0,1223;29;10;2011;3,6
52370;3;3,3;2,9;0,0493;28;10;2011;3,2
58700;2,8;3,1;2,7;0,0975;27;10;2011;3
101410;2,5;3;2,4;0,0863;25;10;2011;2,8
92230;3,2;3,2;2,5;-0,1956;24;10;2011;2,5
120160;2,6;3,3;2,5;0,2296;22;10;2011;3,2
72970;2,3;2,7;2,3;0,0936;21;10;2011;2,6
48860;2,3;2,4;2,2;0,0352;20;10;2011;2,3
101870;2,4;2,5;2;-0,062;19;10;2011;2,3
87860;2,6;2,9;2,3;-0,0547;18;10;2011;2,4
207430;3,6;3,7;2,3;-0,2809;17;10;2011;2,6
36200;3,8;3,9;3,4;-0,0729;16;10;2011;3,6
42090;4;4,1;3,7;-0,0376;15;10;2011;3,8
20060;4,1;4,1;4;-0,0148;14;10;2011;4
19710;4,2;4,2;4;-0,0241;13;10;2011;4,1
69400;3,9;4,4;3,9;0,056;12;10;2011;4,2
41100;4,1;4,1;3,8;-0,0415;11;10;2011;3,9
37920;4;4,4;4;0,0224;9;10;2011;4,1
39610;4,3;4,3;3,8;-0,0609;8;10;2011;4
97550;4,7;4,8;3,8;-0,0973;7;10;2011;4,3
54770;4,9;4,9;4,5;-0,0287;6;10;2011;4,7
17590;5;5;4,8;-0,0181;5;10;2011;4,9
15790;5;5;4,9;-0,012;4;10;2011;5
23460;5,1;5,3;4,9;-0,0214;1;10;2011;5
1040000;9530,1;9866,9;9202,5;-0,0338;28;10;2019;9207,2
1160000;9230,6;9773,2;9081;0,0324;27;10;2019;9529,6
1780000;8658,4;10540;8061,8;0,0661;26;10;2019;9230,6
1180000;7422,8;8697,7;7404,9;0,1665;25;10;2019;8658,3
9180000;6639,1;6661,5;6550,4;-0,0065;6;10;2018;6596,3
9340000;6584,2;6682,3;6537,6;0,0083;5;10;2018;6639,1
9310000;6509,2;6653;6487,8;0,0117;4;10;2018;6584,2
9210000;6549,9;6563,5;6429,6;-0,0064;3;10;2018;6507,8
9340000;6608,2;6645,7;6034,9;-0,0088;2;10;2018;6549,9
9190000;6635,2;6674,7;6072,7;-0,0041;1;10;2018;6608,2
31840;29282;29502,3;29128,3;-0,0017;31;7;2023;29232,4
20580;29354,2;29446,6;29054,5;-0,0024;30;7;2023;29281,7
13900;29315;29400,1;29256,9;0,0013;29;7;2023;29353,5
31420;29222,7;29533;29125,1;0,0032;28;7;2023;29315
30420;29352,9;29568,8;29094;-0,0044;27;7;2023;29222,7
44330;29228,8;29681,8;29109,7;0,0042;26;7;2023;29352,2
29050;29178,3;29365,4;29058,7;0,0017;25;7;2023;29228,6
55730;30085,9;30098,2;28890,7;-0,0302;24;7;2023;29178,1
23320;29788,9;30337;29735,7;0,01;23;7;2023;30085,9
18470;29904,5;29988;29657,3;-0,0038;22;7;2023;29788,9
32590,000000000004;29801;30058,9;29739,9;0,0034;21;7;2023;29903,1
50330;29909,7;30408;29621,4;-0,0036;20;7;2023;29801
34960;29866,7;30185,5;29789,3;0,0014;19;7;2023;29909,7
42400;30139,7;30242,4;29624,6;-0,0091;18;7;2023;29866,8
42840;30235,5;30335,9;29693,3;-0,0032;17;7;2023;30139,7
20310;30291,8;30435;30075,4;-0,0018;16;7;2023;30235,5
17060;30316,8;30395,4;30246,9;-0,0009;15;7;2023;30291,4
82420;31465,4;31602,6;29944,3;-0,0365;14;7;2023;30317,4
99810;30387,3;31764,5;30260;0,0355;13;7;2023;31466,1
54060;30623,3;30951,3;30231,7;-0,0077;12;7;2023;30387,3
39840;30414,2;30782,2;30333,8;0,0068;11;7;2023;30623,3
55240;30166,9;31019,6;29969,1;0,0082;10;7;2023;30415,3
20050;30288,8;30425,5;30071,9;-0,004;9;7;2023;30166,9
17410;30346,8;30379,9;30055,9;-0,0019;8;7;2023;30288,8
46420;29912,7;30442;29757,4;0,0145;7;7;2023;30346,4
90810;30512,8;31463,6;29869;-0,0197;6;7;2023;29913,1
43230;30768,6;30875,6;30233,3;-0,0083;5;7;2023;30512,8
42120;31152;31326,5;30657,8;-0,0123;4;7;2023;30768,4
56490;30617,5;31377;30581,5;0,0174;3;7;2023;31151,3
28820;30587,1;30769;30227,9;0,001;2;7;2023;30617,7
22460;30472,9;30649,9;30329;0,0037;1;7;2023;30586,8
138840;23634,2;24179,3;23236,2;-0,014;31;7;2022;23303,4
168720;23774,2;24605,3;23521,8;-0,0059;30;7;2022;23634,2
221660;23850,2;24340;23451,4;-0,0032;29;7;2022;23774,3
268320;22957,7;24190,5;22611,6;0,0388;28;7;2022;23850
242660;21248;23027,8;21047,5;0,0805;27;7;2022;22958,3
201570;21301,6;21322,3;20737,3;-0,0025;26;7;2022;21248,7
206930;22582,3;22653,3;21275,4;-0,0567;25;7;2022;21301,9
126660;22449,8;22987,9;22281,3;0,0054;24;7;2022;22582,1
137420;22683,6;22991;21971,7;-0,0095;23;7;2022;22460,4
197540;23150;23741,4;22524,2;-0,0206;22;7;2022;22675,2
217080;23219,9;23403,8;22360,2;-0,0027;21;7;2022;23153
281310;23412;24258;22944,4;-0,0083;20;7;2022;23215,2
308910;22529,3;23757,3;21581,8;0,0393;19;7;2022;23410,2
279720;20785,6;22714,9;20770,6;0,0837;18;7;2022;22525,8
132810;21209,8;21654,4;20755,2;-0,02;17;7;2022;20785,6
136890;20825,2;21561,3;20484,4;0,0185;16;7;2022;21209,9
164670;20586,1;21178,1;20393,4;0,0116;15;7;2022;20825,1
205280;20250;20862,2;19664,9;0,0166;14;7;2022;20586
249380;19331,6;20250,8;18942,2;0,0475;13;7;2022;20250
167910;19963,2;20051,7;19279,6;-0,0317;12;7;2022;19330,9
160200;20847,2;20855;19897;-0,0424;11;7;2022;19963,2
204680;21587,4;21599,2;20689,7;-0,0343;10;7;2022;20847,4
190110;21610,4;21944,1;21338,4;-0,0011;9;7;2022;21587,5
439900;21637,1;22482,1;21207;-0,0012;8;7;2022;21611,2
115810;20557,9;21817,8;20282,7;0,0524;7;7;2022;21637,8
105240;20180,4;20654,9;19785,3;0,0178;6;7;2022;20561,1
122430;20215,8;20706,9;19315,4;-0,0008;5;7;2022;20200,6
92790;19310,6;20303,8;19052,5;0,0469;4;7;2022;20215,8
65269,999999999993;19243,4;19626,4;18794,4;0,0035;3;7;2022;19309,9
58570;19275,4;19425,4;19006,4;-0,001;2;7;2022;19243,2
150180;19926,6;20785,6;18980,1;-0,0333;1;7;2022;19262,9
44650;42201,4;42285,3;41066,4;-0,0154;31;7;2021;41553,7
98450;40001,1;42264,4;38358,4;0,055;30;7;2021;42203,4
148920;39450,4;40862,2;38883,8;0,014;28;7;2021;40003,2
100240;37294,3;39455,9;36427,4;0,0584;27;7;2021;39452
177630;35392,3;40522,9;35236,7;0,0533;26;7;2021;37276,6
65099,999999999993;34392,5;35391,1;33881,3;0,0463;25;7;2021;35391,1
67140;33600,5;33955;33412,9;0,0066;24;7;2021;33824,8
66150;32297,9;33605,6;32041,1;0,0404;23;7;2021;33603,3
64870,000000000007;32131,7;32585,4;31729,4;0,0052;22;7;2021;32298,9
118340;29794,7;32794,6;29519,3;0,0785;21;7;2021;32131,4
97460;30835,4;31040,8;29310,2;-0,0338;20;7;2021;29793,8
77480;31782,9;31887;30478,2;-0,0298;19;7;2021;30837,2
57010;31517,9;32408,2;31220,6;0,0085;18;7;2021;31785,4
58060;31384,4;31914,8;31207,8;0,004;17;7;2021;31518,6
70480;31842,3;32239,8;31062,2;-0,014;16;7;2021;31394
76950;32820,5;33157;31175,8;-0,0299;15;7;2021;31840,5
69560;32727,8;33051,9;31611,2;0,0028;14;7;2021;32820,7
60040;33106,1;33307,7;32259,5;-0,0116;13;7;2021;32728,1
63240;34228,3;34598;32662,8;-0,0326;12;7;2021;33113
35720;33510,8;34580,6;33319,8;0,0214;11;7;2021;34227,7
50940;33797,7;34221;33056,8;-0,0085;10;7;2021;33510,6
67140;32866,3;34079,2;32367;0,0283;9;7;2021;33797,4
108090;33859,4;33923,2;32146,9;-0,0296;8;7;2021;32866,3
72030;34228,7;35036,6;33801,3;-0,0105;7;7;2021;33867,8
83630;33688,5;35062;33581,7;0,016;6;7;2021;34225,6
88360;35297;35300,5;33164,1;-0,0456;5;7;2021;33687,8
56130;34742,8;35957,6;34740,1;0,016;4;7;2021;35298,2
55690;33814,2;34909,8;33363,3;0,0275;3;7;2021;34742,8
78930;33542,2;33925,9;32734,6;0,008;2;7;2021;33813,4
27410;35030,7;35032,7;32839,2;-0,0423;1;7;2021;33543,6
530950;11096,5;11434,8;10964,6;0,0214;31;7;2020;11333,4
501140;11105,8;11164,4;10861,6;-0,0009;30;7;2020;11096,2
576830;10908,4;11336,5;10771,8;0,0181;29;7;2020;11105,9
658370;10961,1;11046,1;10873,6;-0,0104;28;7;2020;10908,5
908990;9932,7;11367;9894,6;0,1098;27;7;2020;11022,8
415070;9690;10086,6;9645,9;0,0235;26;7;2020;9932,5
306290;9546,7;9729,3;9536,2;0,0165;25;7;2020;9704,1
359160;9599,2;9626,2;9480,5;-0,0055;24;7;2020;9546,4
425660;9513,6;9646,5;9451,1;0,009;23;7;2020;9599,6
386000;9387,4;9523,1;9296;0,0135;22;7;2020;9513,7
458990;9162,3;9426,9;9155,1;0,0246;21;7;2020;9387,3
312980;9208,1;9218,4;9139,9;-0,005;20;7;2020;9162,4
265250;9170,1;9224,8;9106,4;0,0041;19;7;2020;9208
276400;9155,8;9198,8;9126,7;0,0016;18;7;2020;9170,2
310920;9135,4;9181,9;9091,5;0,0022;17;7;2020;9155,8
429040;9198,7;9224,2;9052;-0,0069;16;7;2020;9135,3
429840;9253,6;9270,2;9168,7;-0,0059;15;7;2020;9198,7
453830;9243,1;9274,8;9135,7;0,0011;14;7;2020;9253,4
456870;9300,5;9329,6;9207,6;-0,0062;13;7;2020;9243,6
366880;9234,2;9337,8;9170,4;0,0073;12;7;2020;9300,8
353920;9285,8;9295,5;9184,2;-0,0056;11;7;2020;9233,3
418470;9239;9309,8;9131,9;0,0053;10;7;2020;9285,1
444270;9430,1;9434,5;9176;-0,0206;9;7;2020;9235,7
509940;9256,3;9458,3;9233,1;0,0188;8;7;2020;9429,9
420550;9338,8;9371,2;9209,3;-0,0089;7;7;2020;9256
510270;9080,4;9363;9063,2;0,0284;6;7;2020;9339
314100;9134,3;9149,6;8932,1;-0,0058;5;7;2020;9081
261250;9067,1;9182,3;9049,6;0,0074;4;7;2020;9134,4
333880;9085;9120,4;9050,9;-0,002;3;7;2020;9067,1
483100;9229,9;9259,7;8962,1;-0,0157;2;7;2020;9085,1
366780;9135,9;9289;9101,1;0,0103;1;7;2020;9229,9
589840;9580,3;10100;9562,4;0,0523;31;7;2019;10082
510900;9728,5;9835,4;9502,5;-0,0151;29;7;2019;9580,9
518590,00000000006;9491,1;9798,5;9401,1;0,0248;28;7;2019;9727,8
661890;9830,4;10232,3;9389,1;-0,0345;27;7;2019;9492,1
493750;9945,2;10436,1;9724,2;-0,0115;26;7;2019;9831
545850;9804,7;10203,5;9776,6;0,0144;25;7;2019;9945,3
639540;9887,2;9945,3;9584;-0,0085;24;7;2019;9804,3
663380;10412,8;10414,7;9865,4;-0,0503;23;7;2019;9888,7
591270;10715,1;10806,3;10196,5;-0,0282;22;7;2019;10412,5
562170;10827;10883,8;10442,5;-0,0104;21;7;2019;10714,4
668940;10571,9;11155,6;10462;0,0241;20;7;2019;10826,7
727790;10651,6;10758,4;10160,7;-0,0075;19;7;2019;10571,5
974490;9723,1;10787,1;9390;0,0955;18;7;2019;10651,4
956520;10199,9;11064,7;9885,4;0,0633;15;7;2019;10845,9
840760;11364,3;11448,7;10128,9;-0,1025;14;7;2019;10200,1
747710;11762,8;11798,4;10839,4;-0,0338;13;7;2019;11364,9
738170;11343,7;11881,4;11109,8;0,037;12;7;2019;11762,1
943130;12111,6;12111,6;11029;-0,0634;11;7;2019;11342,3
847840;12250,6;12772,9;12111,2;0,0236;9;7;2019;12541,5
695600;11415,8;12332,3;11304,8;0,0733;8;7;2019;12252,6
601930;11267,9;11524,6;11108,1;0,0131;7;7;2019;11415,9
688960;10969,8;11650,2;10967,9;0,0271;6;7;2019;11268
772670;11159,7;11381,8;10810,3;-0,0173;5;7;2019;10970,2
840340;11899,3;11948;11087,1;-0,062;4;7;2019;11163,1
998730;10835,9;11931,8;10835,9;0,0983;3;7;2019;11900,8
266940;8176,4;8176,5;7649,8;-0,0548;31;7;2018;7729,4
242210;8214,7;8262;7874,4;-0,0047;30;7;2018;8177,1
155240;8231,5;8275,4;8113,3;-0,0022;29;7;2018;8215,6
147140;8186,8;8234,1;8077,4;0,0057;28;7;2018;8234,1
243220;7936,9;8273,8;7808,3;0,0315;27;7;2018;8187,4
235450;8173,9;8304,3;7861;-0,029;26;7;2018;7937
269230;8404,9;8484,6;8062,1;-0,0278;25;7;2018;8173,7
345320;7723,1;8479,8;7701,9;0,0886;24;7;2018;8407
272150;7412,4;7809,6;7379,2;0,0419;23;7;2018;7723
204160;7409;7575,3;7343,7;0,0005;22;7;2018;7412,3
160770;7339,3;7460,8;7223,5;0,0095;21;7;2018;7408,7
258850,00000000003;7477,6;7683,6;7292;-0,0185;20;7;2018;7339,4
247250;7383,9;7558,4;7288,8;0,0127;19;7;2018;7477,5
333320;7321,6;7581,2;7249,3;0,0084;18;7;2018;7383,6
337750;6729,8;7453,2;6666;0,088;17;7;2018;7322
312120;6362,8;6749,2;6344,1;0,0577;16;7;2018;6729,9
180670;6254,8;6399,6;6238,5;0,0173;15;7;2018;6362,9
243710;6229,5;6313,5;6192,5;0,004;14;7;2018;6254,8
233220;6250,8;6333,8;6144,5;-0,0033;13;7;2018;6230,2
289240;6389,1;6389,4;6088,8;-0,0217;12;7;2018;6250,6
243820;6307,2;6409,7;6296,6;0,013;11;7;2018;6389,1
315270;6668,4;6686,8;6291,5;-0,054;10;7;2018;6307,2
289480;6715,1;6793,8;6637,7;-0,0071;9;7;2018;6667,1
267600;6765,4;6784;6694,3;-0,0075;8;7;2018;6714,8
114570;6617,7;6805,9;6531,1;0,0223;7;7;2018;6765,5
132690;6546,5;6638,2;6458,3;0,0109;6;7;2018;6617,7
166180;6598;6693,6;6466,1;-0,0079;5;7;2018;6546,5
143040;6513,8;6774,5;6442,3;0,013;4;7;2018;6598,4
150190;6618,6;6676,6;6513,5;-0,016;3;7;2018;6513,5
179920;6349,1;6680;6275;0,0397;2;7;2018;6619,5
128509,99999999999;6398,5;6445,1;6284,7;-0,005;1;7;2018;6366,8
91120;2766,5;2916,3;2723,1;0,0422;31;7;2017;2883,3
82720;2733,5;2773,1;2621,7;0,0121;30;7;2017;2766,5
84490;2806,8;2812,1;2699,4;-0,0261;29;7;2017;2733,5
138910;2691,9;2843,8;2683,6;0,0427;28;7;2017;2806,8
103830;2559,2;2712,9;2547,7;0,0518;27;7;2017;2691,9
135500;2582,6;2631,7;2441,5;-0,009;26;7;2017;2559,2
205880;2763,4;2779,1;2472,6;-0,0654;25;7;2017;2582,6
83010;2756,6;2798,9;2715,7;0,0025;24;7;2017;2763,4
108230;2836,5;2856,7;2675,6;-0,0282;23;7;2017;2756,6
121920;2675,1;2876,7;2658,6;0,0604;22;7;2017;2836,5
193760;2866;2874;2622,5;-0,0666;21;7;2017;2675,1
310340;2282,6;2932,8;2282,1;0,2556;20;7;2017;2866
154320;2320,2;2412,4;2243,1;-0,0162;19;7;2017;2282,6
202620;2233,4;2400,7;2164,6;0,0389;18;7;2017;2320,2
176890;1914,1;2233,8;1913,8;0,1668;17;7;2017;2233,4
189640;1975,1;2044,4;1809;-0,0309;16;7;2017;1914,1
155320;2234,2;2237,1;1974;-0,116;15;7;2017;1975,1
114410;2362,4;2370,5;2165,4;-0,0543;14;7;2017;2234,2
88170;2403,1;2436,7;2335;-0,0169;13;7;2017;2362,4
109520;2324,3;2424,8;2262,1;0,0339;12;7;2017;2403,1
146630;2344;2412,8;2265,5;-0,0084;11;7;2017;2324,3
123800;2511,4;2530,3;2271,8;-0,0667;10;7;2017;2344
39160;2564,9;2576,7;2509,6;-0,0208;9;7;2017;2511,4
54510;2513,9;2568,7;2480,6;0,0203;8;7;2017;2564,9
90450;2614,2;2617,5;2484,7;-0,0384;7;7;2017;2513,9
60160;2627,9;2634,8;2581,8;-0,0052;6;7;2017;2614,2
89720;2617,3;2642,7;2562;0,004;5;7;2017;2627,9
80680;2572,5;2658,7;2570;0,0174;4;7;2017;2617,3
83420;2536,5;2617,5;2506,3;0,0142;3;7;2017;2572,5
67760;2424,6;2555,3;2375,9;0,0461;2;7;2017;2536,5
66320;2480,6;2529,6;2387,5;-0,0226;1;7;2017;2424,6
62890;654,7;654,9;621,4;-0,0502;31;7;2016;621,9
19350;655,4;657,5;652,1;-0,0011;30;7;2016;654,7
27040;654,1;657,4;651;0,002;29;7;2016;655,4
28110;654,5;658;650,8;-0,0006;28;7;2016;654,1
29890;654,4;659,1;646;0,0002;27;7;2016;654,5
49390;654;657,8;643,5;0,0006;26;7;2016;654,4
34380;659,3;662,5;651,1;-0,008;25;7;2016;654
29820;655,2;664,2;651;0,0063;24;7;2016;659,3
29890;651,1;658,2;648;0,0062;23;7;2016;655,2
65900;664,6;669,4;645,7;-0,0203;22;7;2016;651,1
32170;664,4;666,5;657,8;0,0003;21;7;2016;664,6
37560;671,1;672,3;659,5;-0,01;20;7;2016;664,4
30400;670,4;673,2;663,6;0,0011;19;7;2016;671,1
42580;676,3;680,4;664,6;-0,0088;18;7;2016;670,4
46840;660,7;680,9;660,1;0,0237;17;7;2016;676,3
20390;664,2;665,4;655,7;-0,0053;16;7;2016;660,7
35830;657,3;667,5;656,5;0,0106;15;7;2016;664,2
48200;661,2;661,9;646,3;-0,0059;14;7;2016;657,3
62960;670,6;672;656;-0,014;13;7;2016;661,2
66590;646,7;673,2;644,6;0,0369;12;7;2016;670,6
45940;647,1;657,5;640;-0,0006;11;7;2016;646,7
29260;651,8;652;636,8;-0,0072;10;7;2016;647,1
96010;662,8;663,5;620,7;-0,0165;9;7;2016;651,8
75890;635,3;663,4;630,2;0,0433;8;7;2016;662,8
153610;672,7;676,2;605;-0,0557;7;7;2016;635,3
47050;663,7;678,4;662,2;0,0136;6;7;2016;672,7
54640;675,2;679,2;657,3;-0,017;5;7;2016;663,7
63910;661,6;679;644;0,0204;4;7;2016;675,2
99270;698,1;701,5;644,6;-0,0522;3;7;2016;661,6
67380;674,6;700,5;671,5;0,0348;2;7;2016;698,1
92230;670;685,1;661,1;0,0068;1;7;2016;674,6
49210;287;288,7;280,8;-0,0115;31;7;2015;283,7
44790;288,4;289,9;284,9;-0,0047;30;7;2015;287
50670;293,7;294,7;286,9;-0,0181;29;7;2015;288,4
49070;293;296,7;291,7;0,0024;28;7;2015;293,7
69710;291,8;295,8;285,4;0,0042;27;7;2015;293
30990;288,7;293,3;286,8;0,0105;26;7;2015;291,8
41650;288,4;291,2;284,7;0,0013;25;7;2015;288,7
74360;275,5;289,8;274,3;0,0466;24;7;2015;288,4
35660;276,5;277,9;274,5;-0,0034;23;7;2015;275,5
41970;275,1;277,4;273,1;0,005;22;7;2015;276,5
49050;277,7;281;274,2;-0,0093;21;7;2015;275,1
46600;273,2;278,9;271,8;0,0165;20;7;2015;277,7
30200;274;277,1;271,9;-0,0032;19;7;2015;273,2
55340;279,6;282,5;243,2;-0,0199;18;7;2015;274
62120;276,6;280,8;271,2;0,011;17;7;2015;279,6
121320;283,4;290,8;273,3;-0,0241;16;7;2015;276,6
59580;287;292,9;283,2;-0,0123;15;7;2015;283,4
60620;290,4;297;285,2;-0,0117;14;7;2015;287
146850;310,4;310,9;276,9;-0,0647;13;7;2015;290,4
120700;292;315,9;291,3;0,0633;12;7;2015;310,4
46490;283,6;298,8;282,3;0,0294;11;7;2015;292
117170;269,1;297,9;266,9;0,0538;10;7;2015;283,6
48390;268,6;272,3;265,1;0,0019;9;7;2015;269,1
45290;266,2;273,6;263,2;0,0091;8;7;2015;268,6
41610;269,1;271,3;263,2;-0,0107;7;7;2015;266,2
90580;270,1;277,5;266,5;-0,0039;6;7;2015;269,1
48450;260,5;274,1;257,6;0,0368;5;7;2015;270,1
32950;255,4;261,1;253,4;0,0202;4;7;2015;260,5
36580;254,9;256,7;252,4;0,002;3;7;2015;255,4
45010;257,6;261,3;253,1;-0,0106;2;7;2015;254,9
66940;264,1;265;254,4;-0,0246;1;7;2015;257,6
3520;564,6;593,7;564;0,0441;31;7;2014;589,5
4100;585,8;586,1;564,2;-0,0361;30;7;2014;564,6
6720;587,9;591,3;579,5;-0,0037;29;7;2014;585,8
2330;595;597,5;578,1;-0,0119;28;7;2014;587,9
3530;596;601,5;593,7;-0,0016;27;7;2014;595
3480;600,5;603;593,3;-0,0075;26;7;2014;596
5920;601,9;609,1;597,4;-0,0023;25;7;2014;600,5
4740;621,7;622;599,4;-0,0319;24;7;2014;601,9
2170;622,5;625;621;-0,0013;23;7;2014;621,7
3280;625,1;628,8;620;-0,0042;22;7;2014;622,5
2530;621;625,9;615;0,0067;21;7;2014;625,1
2300;627;627,9;620;-0,0097;20;7;2014;621
3960;627,5;634,1;625,1;-0,0007;19;7;2014;627
3350;626,6;630,2;617,9;0,0014;18;7;2014;627,5
2920;614,8;632,5;610;0,0192;17;7;2014;626,6
3000;619,6;622,4;614,2;-0,0077;16;7;2014;614,8
3690;618,3;624,4;617,3;0,0021;15;7;2014;619,6
2550;628;629;616,1;-0,0155;14;7;2014;618,3
1700;635,9;638,6;627,5;-0,0124;13;7;2014;628
3430;632,9;638,6;625,9;0,0047;12;7;2014;635,9
3120;618,4;633,6;616,1;0,0235;11;7;2014;632,9
3610;623;625;611,7;-0,0074;10;7;2014;618,4
3070;615,3;623,8;610,5;0,0125;9;7;2014;623
3210;613,6;619,7;609,3;0,0028;8;7;2014;615,3
2530;626,7;627,9;607,3;-0,0208;7;7;2014;613,6
2700;623;629,4;622,7;0,0059;6;7;2014;626,7
3250;624;627,8;619,7;-0,0016;5;7;2014;623
3600;638;642,2;623;-0,0221;4;7;2014;624
4010;645,7;646,4;633,6;-0,0119;3;7;2014;638
4780;643,2;652,1;604,6;0,0039;2;7;2014;645,7
4110;635,1;652,5;634,1;0,0127;1;7;2014;643,2
45500;108;111,7;103,6;-0,0162;31;7;2013;106,2
27850;101,5;108;100,5;0,0639;30;7;2013;108
24740;98,8;102,8;98,4;0,0273;29;7;2013;101,5
42230;94,4;100,6;94;0,0464;28;7;2013;98,8
15120;96;97;93;-0,0169;27;7;2013;94,4
11150;96,9;97,5;96;-0,0096;26;7;2013;96
22510;95,1;97,5;93,6;0,0196;25;7;2013;96,9
14600;95,6;96;92,3;-0,0049;24;7;2013;95,1
24610;91,6;97,1;91,6;0,0432;23;7;2013;95,6
9100;92;92;89,8;-0,0043;22;7;2013;91,6
8770;89,8;92;88;0,0243;21;7;2013;92
9430;92;93,1;89,3;-0,0237;20;7;2013;89,8
27680;90,1;95,2;87,6;0,0214;19;7;2013;92
59500;98,5;98,8;86,2;-0,0856;18;7;2013;90,1
17270;97,1;100;96,2;0,0144;17;7;2013;98,5
16530;98,9;100,7;96;-0,0181;16;7;2013;97,1
34510;94,4;101,9;93,1;0,0473;15;7;2013;98,9
12340;98,3;99;92,9;-0,0397;14;7;2013;94,4
34460;94;98,3;87,8;0,0461;13;7;2013;98,3
101550;89;104,2;88;0,0563;12;7;2013;94
35570;88;90,7;85;0,0111;11;7;2013;89
60070;76,7;89,8;75,5;0,1473;10;7;2013;88
32520,000000000004;76;78,3;72,5;0,0092;9;7;2013;76,7
58990;76,5;80;72,5;-0,0065;8;7;2013;76
42950;69,7;77;66,6;0,0982;7;7;2013;76,5
41040;68,5;75;66,8;0,0169;6;7;2013;69,7
91060;80;80,6;65,4;-0,1442;5;7;2013;68,5
63550;78,9;84,3;72;0,0146;4;7;2013;80
73620;90,4;91,2;76;-0,1274;3;7;2013;78,9
27770;88,1;92,6;87,5;0,0268;2;7;2013;90,4
53170;97,5;98,2;86;-0,097;1;7;2013;88,1
70170;9,1;9,4;9,1;0,0275;31;7;2012;9,4
51260;8,7;9,1;8,7;0,0448;30;7;2012;9,1
11460;8,9;8,9;8,7;-0,0202;29;7;2012;8,7
32380,000000000004;8,8;8,9;8,6;0,0114;26;7;2012;8,9
64720;8,6;8,9;8,4;0,0233;25;7;2012;8,8
40950;8,4;8,9;8,3;0,0178;24;7;2012;8,6
30070;8,9;9;8,3;-0,0497;22;7;2012;8,4
139910;8,5;9,7;8;0,0387;21;7;2012;8,9
154660;8,9;8,9;7,6;-0,0395;20;7;2012;8,5
48250;9,1;9,2;8,8;-0,0263;19;7;2012;8,9
105950;8,8;9,4;8,5;0,0352;18;7;2012;9,1
210800;8,5;9,5;7,3;0,0353;17;7;2012;8,8
103400;7,6;8,6;7,6;0,1155;16;7;2012;8,5
26980;7,5;7,7;7,4;0,0106;15;7;2012;7,6
16010,000000000002;7,7;7,7;7,5;-0,0169;14;7;2012;7,5
65470;7,8;7,8;7,4;-0,0116;13;7;2012;7,7
64620,000000000007;7,2;7,9;7,1;0,0853;12;7;2012;7,8
70070;7;7,3;7;0,0256;10;7;2012;7,2
61640;6,8;7,1;6,7;0,0324;9;7;2012;7
37990;6,7;6,9;6,6;0,0165;7;7;2012;6,8
45350;6,5;6,8;6,5;0,0246;5;7;2012;6,7
33480;6,4;6,6;6,4;0,0093;4;7;2012;6,5
71070;6,8;6,8;6,4;-0,0459;3;7;2012;6,4
32360;6,6;6,8;6,6;0,0196;2;7;2012;6,8
20580;6,7;6,7;6,5;-0,009;1;7;2012;6,6
45720;13,5;14,9;12,8;-0,0133;31;7;2011;13,4
32740,000000000004;13,9;13,9;13,3;-0,0323;28;7;2011;13,5
11510;13,9;14,1;13,9;0,0043;27;7;2011;13,9
16790;14,1;14,1;13,8;-0,0121;26;7;2011;13,9
31580;14;14,7;13,8;0,005;25;7;2011;14,1
26620;13,7;14,1;13,6;0,0219;24;7;2011;14
15170;13,6;13,8;13,4;0,0066;22;7;2011;13,7
25020;13,7;13,8;13,4;-0,0058;21;7;2011;13,6
23180;13,9;14;13,4;-0,0116;20;7;2011;13,7
67580;13,5;14,7;13,4;0,0274;19;7;2011;13,9
75900;13,2;13,9;12,5;0,0243;18;7;2011;13,5
34380;13,7;13,8;13;-0,0408;17;7;2011;13,2
17260;13,8;13,8;13,5;-0,0065;16;7;2011;13,7
24820;14;14,1;13,5;-0,0129;15;7;2011;13,8
10340;14;14,1;13,9;-0,0043;13;7;2011;13,9
26360;14,2;14,6;13,9;-0,0141;12;7;2011;14
49160;14,9;15,2;13,8;-0,0463;11;7;2011;14,2
45280;14,4;15,7;14,4;0,0362;10;7;2011;14,9
11910;14,3;14,7;14;0,0049;9;7;2011;14,4
34850;14,8;15,6;13,9;-0,0318;8;7;2011;14,3
111820;12,9;16,5;12,7;0,1448;6;7;2011;14,8
84080;13,9;15;11;-0,0685;5;7;2011;12,9
52280;15,4;15,5;13,1;-0,1023;4;7;2011;13,9
33280;16,1;16,7;15,3;-0,0435;1;7;2011;15,4
1030000;9425,1;9983,6;9082,6;0,0317;17;7;2019;9723,2
1050000;10844;11019,5;9375,3;-0,131;16;7;2019;9424,8
1110000;12542,8;13134,4;11594,9;-0,0344;10;7;2019;12110,6
1120000;10615,5;10923,5;9728,5;0,0207;2;7;2019;10835,9
1040000;10821,4;11254,5;10041,6;-0,0187;1;7;2019;10616,6
69110;27300,6;27464,5;25731;-0,0499;31;8;2023;25937,3
46540;27723,9;27757,3;27043,2;-0,0153;30;8;2023;27298,8
98320;26118,1;28046;25919,8;0,0614;29;8;2023;27723,9
28840;26100,6;26215,7;25891;0,0007;28;8;2023;26118,9
14290;26017,1;26176,8;25968,7;0,0032;27;8;2023;26100,6
12090;26057,2;26114,1;25993,5;-0,0015;26;8;2023;26017,1
39960;26176,1;26265,7;25811,6;-0,0046;25;8;2023;26057,2
41040;26436,2;26560,5;25943,6;-0,0098;24;8;2023;26177
60960;26042;26807,7;25812,6;0,0152;23;8;2023;26436,2
47720;26126,8;26138,8;25481,9;-0,0033;22;8;2023;26039,9
41100;26190,8;26220,9;25850,8;-0,0025;21;8;2023;26126
24000;26099,5;26269,1;25998,5;0,0035;20;8;2023;26190,8
33040;26053,3;26262,2;25799,5;0,0018;19;8;2023;26099,4
93050;26635,7;26801,9;25691;-0,0219;18;8;2023;26053,2
132920;28726,1;28771,8;25489,4;-0,0728;17;8;2023;26635,7
43710;29195,3;29251,1;28717,6;-0,0161;16;8;2023;28726,3
33810;29426,7;29472;29118,6;-0,0079;15;8;2023;29195,3
39300;29300,1;29689;29116;0,0043;14;8;2023;29426,7
13490;29428,2;29468,5;29272,3;-0,0044;13;8;2023;29300,1
11070;29420,8;29480,8;29375,4;0,0002;12;8;2023;29428,2
27710;29448,9;29544,9;29271,2;-0,001;11;8;2023;29420,8
32000;29578;29719,4;29377,5;-0,0044;10;8;2023;29449
49670;29771,3;30104;29384,2;-0,0067;9;8;2023;29578
62570;29204,2;30168,6;29137,7;0,0196;8;8;2023;29777,4
41190;29081,3;29270,2;28721;0,0042;7;8;2023;29204,2
16030,000000000002;29067,9;29198,9;28987,4;0,0005;6;8;2023;29081,3
14550;29105,6;29139,3;28983;-0,0013;5;8;2023;29068,1
31430;29189,1;29319,1;28875,8;-0,0029;4;8;2023;29105,5
36080;29180,9;29409,8;28981;0,0005;3;8;2023;29189,3
67410;29711,8;30025,9;28961,6;-0,0181;2;8;2023;29173,7
64010,000000000007;29232,3;29712,2;28611;0,0164;1;8;2023;29712,2
318170;19793,4;20469,1;19793,4;0,0127;31;8;2022;20043,9
308410;20295,6;20558,2;19559,7;-0,0248;30;8;2022;19792,6
248040;19551,3;20394,5;19551,2;0,0381;29;8;2022;20295,8
159600;20034,2;20150,8;19542,9;-0,0241;28;8;2022;19550,2
187340;20249,9;20343,6;19849,8;-0,0107;27;8;2022;20033,9
322160;21564,2;21815,3;20122,4;-0,061;26;8;2022;20249,9
190150;21365,4;21801,2;21324,8;0,0094;25;8;2022;21565,4
202400;21516,2;21832,3;21171,1;-0,0071;24;8;2022;21365,2
228650;21416,5;21661;20919,6;0,0047;23;8;2022;21517,2
251830;21516,8;21517,4;20912,1;-0,0047;22;8;2022;21416,3
177520;21138,9;21692,4;21077,4;0,0179;21;8;2022;21517,2
206940;20830,7;21357,4;20784,8;0,0148;20;8;2022;21138,9
339470;23201,6;23202,3;20807,8;-0,1022;19;8;2022;20831,3
160970;23337,7;23578;23131,3;-0,0058;18;8;2022;23203,6
239530;23855,8;24423,5;23191,6;-0,0217;17;8;2022;23338
201700;24102,6;24240,8;23693,8;-0,0102;16;8;2022;23856,8
279280;24303,3;25205,7;23784,5;-0,0083;15;8;2022;24101,7
177250;24442,1;24997,3;24172,2;-0,0057;14;8;2022;24302,8
170590;24398,9;24882,9;24318,7;0,0018;13;8;2022;24442,5
194960;23935,3;24440,8;23616,4;0,0194;12;8;2022;24398,7
285360;23963,3;24873,5;23864;-0,0012;11;8;2022;23935,3
243610;23150,3;24209,9;22714,7;0,0353;10;8;2022;23962,9
169620;23818,1;23912;22886,5;-0,0281;9;8;2022;23146,7
197940;23175,3;24234,1;23160,6;0,0277;8;8;2022;23816,3
99360;22944,2;23387,7;22852,3;0,0101;7;8;2022;23175,3
94440;23308,2;23344,4;22923,6;-0,0156;6;8;2022;22944,2
208900;22613,3;23447,6;22593,5;0,0308;5;8;2022;23308,2
181190;22822,2;23214,5;22438,7;-0,0091;4;8;2022;22612,1
174660;22988,7;23623,7;22698,6;-0,0073;3;8;2022;22820,8
177300;23271,1;23423,3;22670,8;-0,0121;2;8;2022;22988,6
162330;23303,4;23484,4;22863,8;-0,0014;1;8;2022;23271,2
71480;46989,1;48217;46709,3;0,0029;31;8;2021;47130,4
61680;48777,1;48886;46876,9;-0,0366;30;8;2021;46992,7
47620;48899,7;49621,7;47870,1;-0,0024;29;8;2021;48777,4
36730;49062,8;49289,4;48428,5;-0,0034;28;8;2021;48897,1
62470;46830,2;49142;46371,5;0,0477;27;8;2021;49064,3
73790;48994,4;49347,8;46360,4;-0,0441;26;8;2021;46831,6
63540;47707,4;49230,2;47163,3;0,0268;25;8;2021;48994,5
74260;49532,5;49847,4;47623,6;-0,0368;24;8;2021;47714,7
75370;49255,4;50498,8;49038,6;0,0058;23;8;2021;49539,7
49320;48870,4;49480,3;48151;0,0077;22;8;2021;49254,5
18200;49330;49719,1;48293,5;-0,0091;21;8;2021;48875,8
83190;46756,7;49343,3;46646,8;0,0549;20;8;2021;49324
77920;44725,9;47012,3;43986,7;0,0454;19;8;2021;46755,9
22360;44691,1;46004,9;44230;0,0007;18;8;2021;44723,8
84140;45907,5;47140,6;44441,3;-0,0284;17;8;2021;44691,6
2410;46991,6;48002,4;45672,1;-0,0212;16;8;2021;45996,3
58110;47082,6;47344,1;45564,1;-0,0019;15;8;2021;46991,3
64290,000000000007;47809,6;48090,9;46117,2;-0,0152;14;8;2021;47081,5
75270;44404;47836;44242,4;0,0767;13;8;2021;47809,1
81070;45562,3;46213,8;43814,7;-0,0255;12;8;2021;44403,4
75430;45593,2;46736,5;45367,9;-0,0006;11;8;2021;45564,3
80550;46281,8;46663,4;44681,2;-0,0149;10;8;2021;45593,8
117080;43794,9;46460,7;42824,1;0,0569;9;8;2021;46284,3
105250;44584,9;45284,1;43314,4;-0,0184;8;8;2021;43792,8
112840;42784,7;44697,3;42611;0,0425;7;8;2021;44614,2
111930;40868,4;43253,4;39905,4;0,0472;6;8;2021;42795,4
130600;39734,4;41366,3;37365,4;0,0284;5;8;2021;40867,2
79220;38188,4;39956,5;37556;0,0421;4;8;2021;39736,9
260;39167,4;39766,6;37688,2;-0,0265;3;8;2021;38130,3
74810;39869,8;40449;38692,5;-0,0178;2;8;2021;39168,4
80330;41510;42565;39556,5;-0,0403;1;8;2021;39878,3
496140;11701,1;11760,2;11563,8;-0,0049;31;8;2020;11644,2
409360;11468,1;11704,2;11462,6;0,0204;30;8;2020;11702
389850;11527,8;11576,8;11433,5;-0,0051;29;8;2020;11468,1
464940;11327,5;11539;11281,9;0,0177;28;8;2020;11527,4
560590;11462,3;11580,3;11135,3;-0,0118;27;8;2020;11327,4
513059,99999999994;11324,9;11533,6;11254,6;0,0121;26;8;2020;11462,3
594070;11752,9;11766,9;11131;-0,0365;25;8;2020;11324,8
429130;11641,6;11824,6;11587,1;0,0096;24;8;2020;11753,5
377330;11661,1;11705,4;11520,8;-0,0017;23;8;2020;11641,6
433980;11529,2;11677;11382,1;0,0115;22;8;2020;11661,3
506380;11856,9;11877,4;11495,6;-0,0276;21;8;2020;11529,2
430930;11751;11881;11672,7;0,0091;20;8;2020;11856,9
550260;11944,4;12013,2;11602,6;-0,0165;19;8;2020;11750,2
606790;12283;12381,4;11842;-0,0273;18;8;2020;11947,6
628410;11898,8;12444,1;11764;0,0322;17;8;2020;12282,6
410810;11845,5;11922,5;11688,9;0,0045;16;8;2020;11899
499100;11751,1;11964;11711,5;0,008;15;8;2020;11845,3
435440;11771,1;11835,5;11651,5;-0,0017;14;8;2020;11750,8
545670;11557,2;11772,9;11298,4;0,0185;13;8;2020;11770,9
549590;11390,4;11605,4;11190,6;0,0146;12;8;2020;11557,2
615900;11889,2;11931,8;11146,7;-0,0419;11;8;2020;11390,4
564110;11681,1;12041,1;11546,9;0,0178;10;8;2020;11889,2
303000;11764,4;11792,8;11527,5;-0,0071;9;8;2020;11681,2
317060;11591,6;11805,5;11533,5;0,0149;8;8;2020;11764,3
517000;11757,1;11901,8;11352,4;-0,014;7;8;2020;11592
554850;11735;11898,4;11563;0,0019;6;8;2020;11757,1
570830;11184,8;11771,5;11114,5;0,0492;5;8;2020;11735,1
485790;11223,8;11407,8;11043;-0,0035;4;8;2020;11184,7
470240;11066,9;11461,1;10981,6;0,0142;3;8;2020;11224,4
647950;11802,6;12061,1;10730,7;-0,0624;2;8;2020;11066,8
611470;11333,2;11847,7;11226,1;0,0414;1;8;2020;11803,1
311490;9585,5;9677,5;9457,3;0,0009;31;8;2019;9594,4
413920;9494,1;9675,7;9370,2;0,0099;30;8;2019;9585,4
509130;9729,1;9729,1;9343;-0,0245;29;8;2019;9491
580290;10184,7;10271,3;9629,6;-0,0447;28;8;2019;9729,4
419810;10372,2;10387,6;10060,2;-0,018;27;8;2019;10184,8
568770;10136;10568,2;10136;0,0232;26;8;2019;10371,8
422530;10132,1;10307;9935,2;0,0005;25;8;2019;10136,3
463850;10389,4;10415,9;9917,5;-0,0248;24;8;2019;10131
436260;10104,9;10434,3;9921,4;0,0281;23;8;2019;10388,7
520750;10141,1;10218,2;9777;-0,0036;22;8;2019;10105
717650;10753,3;10797,8;9908;-0,0568;21;8;2019;10141,5
515470;10911,2;10941,6;10581;-0,0145;20;8;2019;10752,6
519010;10312,8;10923,9;10267,8;0,058;19;8;2019;10910,7
441110;10219,3;10494,9;10086,7;0,0093;18;8;2019;10312,7
497770;10335,5;10460,7;10016,3;-0,0114;17;8;2019;10218,1
798670;10300,9;10734;9788,6;0,0031;16;8;2019;10335,6
930050;10053,3;10448,2;9580,1;0,0253;15;8;2019;10303,4
745590;10894,2;10894,5;9965,5;-0,0774;14;8;2019;10049,4
540780;11395;11445,6;10793,2;-0,044;13;8;2019;10892,9
391080;11505,1;11508,6;11267,3;-0,0107;12;8;2019;11394,2
435830;11314,6;11728,4;11146,1;0,0179;11;8;2019;11517,2
570740;12090,5;12185;11281,6;-0,0641;10;8;2019;11314,5
558720;12190;12225,3;11885;-0,0084;9;8;2019;12089,8
592150;12015,9;12236,6;11727;0,0148;8;8;2019;12191,6
702850;11481;12114,5;11406,4;0,0464;7;8;2019;12013,9
807580;11817,6;12291,9;11237;-0,0284;6;8;2019;11480,9
769630;10934,8;11922,3;10934,8;0,0807;5;8;2019;11816,8
585710;10816,1;11017,7;10568,8;0,011;4;8;2019;10934,6
508750;10519,9;10893,6;10504,5;0,0281;3;8;2019;10815,7
578290;10380,5;10664,8;10330,5;0,0135;2;8;2019;10520,1
608370;10081,9;10459;9890,6;0,0296;1;8;2019;10380
234090;6313;6524,1;6159,6;-0,0091;13;8;2018;6255,3
216330;6232,1;6453;6169,8;0,0131;12;8;2018;6313
247340;6152,8;6469,6;6009,8;0,0129;11;8;2018;6231,6
298820;6539,5;6570,2;6043,4;-0,0591;10;8;2018;6152,3
237660;6283,7;6620,2;6197;0,0406;9;8;2018;6538,8
311540;6725,2;6725,2;6138,8;-0,0656;8;8;2018;6283,6
232480;6943,6;7149,7;6689,9;-0,0315;7;8;2018;6724,9
168870;7027,8;7143,6;6852,5;-0,0119;6;8;2018;6943,6
177640;7014;7087,6;6887,9;0,0018;5;8;2018;7027,1
222570;7418,9;7484,2;6949,7;-0,0546;4;8;2018;7014,3
226460;7535,6;7535,6;7293,5;-0,0155;3;8;2018;7419
216340;7606,4;7701,4;7470,6;-0,0093;2;8;2018;7535,6
237690;7728,5;7753,2;7449,2;-0,0159;1;8;2018;7606,4
72290;4583;4765,1;4580,1;0,0332;31;8;2017;4735,1
68470;4597,3;4644,1;4491,8;-0,0031;30;8;2017;4583
100800;4390,3;4647,8;4350,2;0,0471;29;8;2017;4597,3
75490;4345,8;4403,1;4195,2;0,0103;28;8;2017;4390,3
42520;4352,3;4408,2;4321,1;-0,0015;27;8;2017;4345,8
46160;4364,4;4379,3;4263,3;-0,0028;26;8;2017;4352,3
82900;4318,4;4461,7;4292,6;0,0107;25;8;2017;4364,4
72360;4141,1;4364,1;4111,7;0,0428;24;8;2017;4318,4
96650;4089,7;4255,6;4070,5;0,0126;23;8;2017;4141,1
169140;4005,1;4142,7;3612,2;0,0211;22;8;2017;4089,7
90650;4066,6;4097,3;3966,9;-0,0151;21;8;2017;4005,1
70160;4150,5;4182,3;4034,4;-0,0202;20;8;2017;4066,6
113720;4105,4;4189,7;3957,5;0,011;19;8;2017;4150,5
144400;4278,9;4362,7;3978,3;-0,0406;18;8;2017;4105,4
127480;4387,4;4487,5;4194,1;-0,0247;17;8;2017;4278,9
112900;4161,7;4398,1;3938,6;0,0542;16;8;2017;4387,4
211580;4327,9;4436,5;3837,1;-0,0384;15;8;2017;4161,7
128460,00000000001;4062,6;4336,7;3978,9;0,0653;14;8;2017;4327,9
158590;3871,6;4189,4;3847,3;0,0493;13;8;2017;4062,6
123590;3654,4;3967,3;3611,4;0,0594;12;8;2017;3871,6
97560;3425,7;3706,5;3409,8;0,0668;11;8;2017;3654,4
71000;3348,8;3453,8;3322,9;0,023;10;8;2017;3425,7
97060;3429,4;3437,1;3251;-0,0235;9;8;2017;3348,8
106940;3401,9;3494,9;3357,1;0,0081;8;8;2017;3429,4
88110;3232;3425,1;3198,5;0,0526;7;8;2017;3401,9
60660;3262,8;3295,1;3166,5;-0,0094;6;8;2017;3232
159400;2878,5;3344;2875,9;0,1335;5;8;2017;3262,8
68760;2810;2892,7;2779,5;0,0244;4;8;2017;2878,5
68100;2720,5;2822,9;2717,6;0,0329;3;8;2017;2810
81820;2747;2773,8;2668,9;-0,0096;2;8;2017;2720,5
123170;2883,3;2946;2659,6;-0,0473;1;8;2017;2747
24930;577,3;578,3;571,7;-0,006;31;8;2016;573,9
27480;574,2;579,9;572,5;0,0054;30;8;2016;577,3
23860;575;578,6;571,4;-0,0013;29;8;2016;574,2
12830;570,3;576,3;569,2;0,0081;28;8;2016;575
18690;579,4;580,4;567,3;-0,0156;27;8;2016;570,3
21170;578;582,7;575,8;0,0024;26;8;2016;579,4
32729,999999999996;579,7;580,7;570,8;-0,0029;25;8;2016;578
28060;583,6;584,5;576,8;-0,0067;24;8;2016;579,7
32080;587,5;589,9;578,6;-0,0067;23;8;2016;583,6
33560;580,7;591,9;577,1;0,0117;22;8;2016;587,5
14160;582,6;585,3;577,8;-0,0033;21;8;2016;580,7
23120;574,6;583,5;572,3;0,014;20;8;2016;582,6
25530;573,4;577,9;566,3;0,002;19;8;2016;574,6
30390;572,3;579,5;570,8;0,0018;18;8;2016;573,4
32759,999999999996;580,2;581,1;568,7;-0,0135;17;8;2016;572,3
37690;567;583,4;563,4;0,0234;16;8;2016;580,2
33770;569,1;575;559,3;-0,0037;15;8;2016;567
33070;584,6;585,8;559,9;-0,0266;14;8;2016;569,1
19300;587,1;590,1;582,8;-0,0043;13;8;2016;584,6
25500;587,8;591,1;582,2;-0,0012;12;8;2016;587,1
39830;590,9;599,2;585,4;-0,0052;11;8;2016;587,8
49570;585,3;600,5;580,9;0,0097;10;8;2016;590,9
25970;589,2;591,2;581,1;-0,0068;9;8;2016;585,3
24880;590,8;594,2;585,4;-0,0027;8;8;2016;589,2
26200;586,5;596;580,9;0,0075;7;8;2016;590,8
25380;574,7;596,7;565,3;0,0205;6;8;2016;586,5
27890;576,2;580;565,8;-0,0027;5;8;2016;574,7
44820;566,4;584,9;559,5;0,0173;4;8;2016;576,2
85930;513,4;573,1;514,1;0,1032;3;8;2016;566,4
130910;607;613,8;471,4;-0,1542;2;8;2016;513,4
66660;621,9;627,9;603,5;-0,0239;1;8;2016;607
54510;228,4;231,8;224,2;0,0047;31;8;2015;229,5
39810;228,5;232,3;225,4;-0,0004;30;8;2015;228,4
43740;231,6;233,1;226,4;-0,0136;29;8;2015;228,5
90660;222,7;234,8;219,6;0,04;28;8;2015;231,6
60250;225;228,4;222;-0,01;27;8;2015;222,7
92810;220,5;230,7;218,8;0,0202;26;8;2015;225
190790;211,4;226,6;196,3;0,0429;25;8;2015;220,5
196700;226,8;228,4;207,8;-0,0676;24;8;2015;211,4
48840;229,5;232,7;224,3;-0,0122;23;8;2015;226,8
74210;232,4;235,1;221;-0,0123;22;8;2015;229,5
57650;234,7;236,3;230,5;-0,0096;21;8;2015;232,4
90980;226;238;225,5;0,0383;20;8;2015;234,7
245820;246,7;247,9;214,3;-0,084;19;8;2015;226
94500;257,1;257,5;245,7;-0,0405;18;8;2015;246,7
69040;260,5;261,9;254,6;-0,0131;16;8;2015;257,1
38910;265;266,5;259,4;-0,017;15;8;2015;260,5
52330;263,4;267,2;260,2;0,006;14;8;2015;265
56490;267,7;268,4;261,3;-0,0158;13;8;2015;263,4
56730;269;271,5;263,7;-0,0051;12;8;2015;267,7
51360;263,3;269,9;261,4;0,0218;11;8;2015;269
48570;263,9;266,6;260,5;-0,0022;10;8;2015;263,3
57480;258,6;266,8;258,6;0,0204;9;8;2015;263,9
82540;277,9;278,9;257,4;-0,0694;8;8;2015;258,6
42810;278;279,6;274,3;-0,0004;7;8;2015;277,9
33260;281,7;282;276,5;-0,0132;6;8;2015;278
38290;284,3;285,5;280,5;-0,0091;5;8;2015;281,7
44840;281,6;285,7;279,6;0,0097;4;8;2015;284,3
45890;281,4;285;278,9;0,0008;3;8;2015;281,6
35670;280,5;282,5;275,9;0,0032;2;8;2015;281,4
39430;283,7;284,5;276,3;-0,0115;1;8;2015;280,5
6100;506;508,3;478,3;-0,0478;31;8;2014;481,8
2630;512,6;512,9;503,1;-0,0129;30;8;2014;506
3640;510,8;515,2;506,7;0,0035;29;8;2014;512,6
4470;515,2;521,6;503,3;-0,0087;28;8;2014;510,8
3790;512,6;527,4;512,7;0,0052;27;8;2014;515,2
3530;502,9;516;501,8;0,0191;26;8;2014;512,6
2740;509,7;511,3;499,7;-0,0133;25;8;2014;502,9
2530;497,7;514,8;496,8;0,0242;24;8;2014;509,7
3130;516,1;516,8;494;-0,0357;23;8;2014;497,7
6030;517,9;524,4;500,6;-0,0036;22;8;2014;516,1
5650;516,8;537,2;511,4;0,0022;21;8;2014;517,9
5890;485,1;521,8;468,5;0,0653;20;8;2014;516,8
5120;462,2;487;455,8;0,0496;19;8;2014;485,1
6380;485,5;493,3;450;-0,048;18;8;2014;462,2
3140;522;524,7;478,2;-0,0699;17;8;2014;485,5
3870;496,5;524,3;483,2;0,0515;16;8;2014;522
4770;504,8;515,2;483,2;-0,0165;15;8;2014;496,5
10880;542,1;544,9;495,9;-0,0688;14;8;2014;504,8
4820;567,7;573,5;523,2;-0,045;13;8;2014;542,1
3330;575,9;578,3;562;-0,0143;12;8;2014;567,7
2570;592,1;593,6;571,7;-0,0273;11;8;2014;575,9
1340;589,5;596,6;588,1;0,0043;10;8;2014;592,1
1420;595,8;595,6;587,4;-0,0106;9;8;2014;589,5
3110;592,8;608,2;592,1;0,0051;8;8;2014;595,8
2500;589,8;595,1;587,9;0,0051;7;8;2014;592,8
3010;588,8;593,8;587,2;0,0017;6;8;2014;589,8
4090;592,8;594,3;585,4;-0,0068;5;8;2014;588,8
3420;588,9;595,1;586,5;0,0065;4;8;2014;592,8
1260;591,7;592,1;580,6;-0,0047;3;8;2014;588,9
2120;598,8;598,9;587,4;-0,0118;2;8;2014;591,7
8930;589,5;604;586,4;0,0157;1;8;2014;598,8
31150;138;148,7;135,9;0,0215;31;8;2013;141
46070;129,3;142,8;128,6;0,0675;30;8;2013;138
8220;128,8;131,2;128,2;0,0042;29;8;2013;129,3
12560;131,3;131,7;128;-0,0193;28;8;2013;128,8
53850;120,1;133;120;0,0934;27;8;2013;131,3
11440;122,1;123;119,9;-0,0167;26;8;2013;120,1
7440;119,6;123;119,1;0,021;25;8;2013;122,1
8960;118,5;121,4;118;0,0092;24;8;2013;119,6
19470;122;122;118,4;-0,0286;23;8;2013;118,5
13960;123,3;124,5;120,5;-0,0105;22;8;2013;122
30640;121,2;125;119,7;0,0173;21;8;2013;123,3
24290;118,5;123;116,8;0,0228;20;8;2013;121,2
53070;113,4;123,8;111,8;0,0452;19;8;2013;118,5
9620;112,8;114,7;112;0,0056;18;8;2013;113,4
12780;109;114;108,2;0,0345;17;8;2013;112,8
13540;110;112,3;108,2;-0,0091;16;8;2013;109
15860;112,6;113,3;108,8;-0,0228;15;8;2013;110
50570;109,6;115;108;0,027;14;8;2013;112,6
18750;106,8;109,6;104,5;0,0261;13;8;2013;109,6
20080;105;108,1;103,5;0,0172;12;8;2013;106,8
8170;103;105,2;102,7;0,0194;11;8;2013;105
4000;102,8;103,9;102,4;0,0019;10;8;2013;103
12040;103,1;105,8;101,9;-0,0024;9;8;2013;102,8
24020;106;106,7;101;-0,0277;8;8;2013;103,1
7720;106,6;107;105,2;-0,0053;7;8;2013;106
13410;106,7;107,5;105,1;-0,0015;6;8;2013;106,6
15440;105,1;107,8;105;0,0152;5;8;2013;106,7
6380;104,9;106;103,5;0,0016;4;8;2013;105,1
8900;104,5;105,9;102;0,0043;3;8;2013;104,9
27500;104;108;101,2;0,0048;2;8;2013;104,5
15020;106,2;108;103;-0,0208;1;8;2013;104
67790;10,8;10,8;9,7;-0,0575;31;8;2012;10,2
30870;10,9;10,9;10,6;-0,0128;30;8;2012;10,8
175120;10,6;12,1;10,5;0,032;27;8;2012;10,9
26330;10,5;10,6;10,4;0,0086;26;8;2012;10,6
40230;10,6;10,6;10,2;-0,0075;25;8;2012;10,5
92080;10,1;10,6;9,9;0,0495;24;8;2012;10,6
56020;9,8;10,3;9,7;0,0296;23;8;2012;10,1
67510;9,9;10,1;9,6;-0,0111;22;8;2012;9,8
72080;10,1;10,3;9,7;-0,0178;21;8;2012;9,9
192500;8;10,5;7,8;0,2625;20;8;2012;10,1
238860;11,6;11,6;7,6;-0,3109;19;8;2012;8
221030;13,5;15,4;10,6;-0,1422;17;8;2012;11,6
96600;13,3;13,8;12,5;0,0189;16;8;2012;13,5
57560;12,2;13,3;12,2;0,087;15;8;2012;13,3
44020;12;12,3;11,9;0,0125;14;8;2012;12,2
54040;11,6;12,1;11,5;0,0361;13;8;2012;12
30340;11,5;11,8;11,4;0,0096;12;8;2012;11,6
21790;11,4;11,6;11,4;0,0105;11;8;2012;11,5
63600;11,1;11,6;11;0,0298;10;8;2012;11,4
41650;10,9;11,1;10,6;0,0221;7;8;2012;11,1
67280;11;11,3;10,1;-0,01;5;8;2012;10,9
61640;10,5;11,1;10,3;0,0418;3;8;2012;11
126690;9,6;11;9,4;0,1026;2;8;2012;10,5
68700;9,4;9,6;9,1;0,0214;1;8;2012;9,6
19650;8,8;8,8;8;-0,0671;31;8;2011;8,2
11770;9;9;8,6;-0,0201;30;8;2011;8,8
21650;9,1;9,3;8,6;-0,011;29;8;2011;9
24160;8,6;9,5;8,4;0,0559;28;8;2011;9,1
22000;8,2;9,1;8,1;0,0501;27;8;2011;8,6
83000;9,7;9,9;7,6;-0,1532;26;8;2011;8,2
55490;10,9;10,9;9,1;-0,1097;25;8;2011;9,7
7820;10,9;11,1;10,8;-0,0082;24;8;2011;10,9
37000;11,3;11,5;10,5;-0,0363;22;8;2011;10,9
8720;11,4;11,5;11,3;-0,0122;21;8;2011;11,3
9920;11,6;11,7;11,4;-0,0172;20;8;2011;11,4
33720;10,8;11,8;10,8;0,0757;19;8;2011;11,6
8210;10,9;11,1;10,8;-0,011;18;8;2011;10,8
15330;11,1;11,3;10,8;-0,017;16;8;2011;11
38160;10,8;11,9;10,7;0,0324;15;8;2011;11,1
44130;10,1;11,2;9,6;0,0661;14;8;2011;10,8
29760;9,5;10,3;9,3;0,0708;13;8;2011;10,1
58120;10;10,5;8,4;-0,0521;11;8;2011;9,5
114470;7,8;12,1;7,7;0,2808;9;8;2011;10
34040;7,9;8,2;7,1;-0,0127;8;8;2011;7,8
89830;6,6;9,5;6;0,2061;7;8;2011;7,9
102410;9,8;9,9;5,7;-0,3316;6;8;2011;6,6
30770;10,8;11;9,5;-0,0884;5;8;2011;9,8
50090;9,3;11,1;9,3;0,1609;4;8;2011;10,8
90290;12,1;12,2;8,7;-0,2315;3;8;2011;9,3
57240;13,1;13,1;11,5;-0,0794;2;8;2011;12,1
21750;13,4;13,6;12,9;-0,0195;1;8;2011;13,1
4210000;6993,7;7080,2;6698;0,0057;31;8;2018;7033,8
3740000;7029,2;7050,2;6798;-0,005;30;8;2018;6993,7
4110000,0000000005;7074,6;7121,4;6926,7;-0,0064;29;8;2018;7029,1
3790000;6897,6;7129,7;6861,2;0,0257;28;8;2018;7074,6
3260000;6712,7;6902,9;6650,4;0,0275;27;8;2018;6897,6
3370000;6734,9;6892,7;6573,1;-0,0033;26;8;2018;6712,7
3590000;6680,6;6783,4;6655,3;0,0081;25;8;2018;6734,8
3700000;6521,2;6721,2;6472,8;0,0244;24;8;2018;6680,4
2760000;6359,9;6550,2;6359,2;0,0254;23;8;2018;6521,2
3630000;6482,2;6840,8;6304,8;-0,0189;22;8;2018;6359,6
1460000;6268,1;6484,1;6257,4;0,0341;21;8;2018;6482,2
3100000;6474,2;6516,4;6255,9;-0,0329;20;8;2018;6268,1
2710000;6379,1;6534,8;6316;0,0161;19;8;2018;6481,5
3150000;6581,8;6626,4;6295,5;-0,0308;18;8;2018;6379,1
3200000;6306,7;6581,7;6291,8;0,0436;17;8;2018;6581,7
3500000;6256,9;6470,9;6249,8;0,008;16;8;2018;6306,7
3740000;6190,2;6592,8;6177,9;0,0108;15;8;2018;6256,9
3660000;6255,3;6255,3;5898,3;-0,0104;14;8;2018;6190,2
56480;42946,2;43739,7;42315,4;-0,0085;31;1;2024;42580,5
55130;43303,3;43817,9;42702,9;-0,0082;30;1;2024;42946,2
45230;42031,4;43305,6;41824,7;0,0302;29;1;2024;43299,8
32530;42121,3;42817,1;41649;-0,0021;28;1;2024;42030,7
20460;41811,5;42191,8;41413;0,0074;27;1;2024;42120,9
69470;39942;42214,8;39831,2;0,047;26;1;2024;41811,3
46300;40085,1;40285,8;39546,3;-0,0037;25;1;2024;39935,7
58640;39891,3;40535,2;39510;0,0049;24;1;2024;40086
82670;39555;40159,4;38546,9;0,0084;23;1;2024;39888,8
85100;41581,7;41684,9;39468,4;-0,0487;22;1;2024;39556,4
16110;41695,4;41878;41504,5;-0,0027;21;1;2024;41583,2
22270;41647,6;41858;41449,5;0,0011;20;1;2024;41695,4
72640;41293,8;42164,6;40305,4;0,0086;19;1;2024;41648
70350;42763,5;42908;40682,6;-0,0345;18;1;2024;41292,7
50440;43139,1;43192,3;42211,8;-0,0087;17;1;2024;42768,7
63930;42515,2;43563,7;42093,1;0,0149;16;1;2024;43145,5
52080;41747,6;43348,9;41719,2;0,0183;15;1;2024;42510,7
37140;42851,3;43069,4;41739,6;-0,0258;14;1;2024;41746,1
48180;42836,7;43248,6;42443,3;0,0004;13;1;2024;42851,3
136920;46348,1;46503,2;41857,9;-0,0758;12;1;2024;42835,9
131039,99999999999;46629,3;48923,7;45651,8;-0,006;11;1;2024;46348,2
131480;46112;47654,3;44403,6;0,0108;10;1;2024;46629,3
100090;46959,2;47880,1;45333,9;-0,0177;9;1;2024;46129
103090;43934,2;47196,7;43251;0,0691;8;1;2024;46962,2
29530;43973,5;44481,2;43627,9;-0,0009;7;1;2024;43927,3
24260;44156,6;44203,2;43424;-0,0043;6;1;2024;43967,9
68050;42836,1;44744,5;42632,8;0,0308;4;1;2024;44157
117650;44943,7;45492,7;40888,3;-0,0469;3;1;2024;42836,1
97840;44182,9;45885,4;44166;0,0172;2;1;2024;44943,7
36300;42272,5;44187;42196,7;0,0452;1;1;2024;44183,4
289380;22832,2;23262,9;22724,9;0,0128;31;1;2023;23125,1
339620;23746;23794;22560;-0,0388;30;1;2023;22832,2
320860;23023,5;23952,9;22973,3;0,0315;29;1;2023;23753,1
156960;23074,6;23182,3;22889,8;-0,002;28;1;2023;23027,9
310360;23016;23480,3;22602,9;0,0025;27;1;2023;23074,6
320970;23055,2;23259,5;22869;-0,0017;26;1;2023;23016
388180;22632,5;23779;22366,3;0,0187;25;1;2023;23055,1
334170;22916,3;23156,1;22517,1;-0,0123;24;1;2023;22632,5
327850;22709;23161,8;22527,9;0,0091;23;1;2023;22915,5
280640;22775,7;23068,7;22323;-0,003;22;1;2023;22707,8
382690;22677,5;23304,5;22461,1;0,0043;21;1;2023;22775,7
373740;21074,9;22718,5;20879,3;0,0757;20;1;2023;22677,2
275760;20670,6;21169,4;20669,7;0,0199;19;1;2023;21081,2
388670;21137,1;21584,1;20448,3;-0,0221;18;1;2023;20670,6
310040;21184,4;21506,4;20926,2;-0,0022;17;1;2023;21137,1
337460;20880,1;21416,8;20698,9;0,0146;16;1;2023;21184,2
205800;20956;21032,2;20585,7;-0,0037;15;1;2023;20879,8
458210;19926,9;21185,6;19898,6;0,0517;14;1;2023;20958,2
426670;18850,8;19981,6;18723,8;0,0571;13;1;2023;19927
522010;17941;19055,3;17915,5;0,0507;12;1;2023;18851,3
291530;17440,5;17989,8;17323,9;0,0289;11;1;2023;17942,3
247140;17180,1;17491;17151,7;0,0151;10;1;2023;17439,1
301240;17119;17390,8;17107,1;0,0036;9;1;2023;17180,1
144840;16943,6;17119;16913,8;0,0104;8;1;2023;17119
110480;16950,9;16979,6;16909,7;-0,0004;7;1;2023;16943,6
233470;16829,8;17012,3;16707,6;0,0072;6;1;2023;16950,9
178960;16852,2;16877,9;16772,3;-0,0013;5;1;2023;16829,8
247390;16674,2;16976,5;16656,5;0,0107;4;1;2023;16852,1
136030;16618,4;16766,9;16551;0,0034;2;1;2023;16674,3
107840;16537,5;16621,9;16499,7;0,0049;1;1;2023;16618,4
61270;37923,8;38701,4;36672,8;0,0153;31;1;2022;38498,6
34100;38167,5;38313,3;37390,6;-0,0066;30;1;2022;37917,7
42770;37736,5;38663,7;37350,2;0,0113;29;1;2022;38170,8
69450;37195,6;37995,9;36176,5;0,0156;28;1;2022;37745,1
83520;36800,1;37215,4;35543,2;0,0099;27;1;2022;37164,3
107870;36962,3;38862,6;36280;-0,0041;26;1;2022;36800,4
79680;36691,3;37501,8;35729,3;0,0072;25;1;2022;36950,6
153770;36268,6;37424;32985,6;0,0115;24;1;2022;36686,3
70430;35072,9;36513;34655,2;0,034;23;1;2022;36269,5
138090;36467,7;36749,8;34116;-0,0384;22;1;2022;35075,2
155800;40698,1;41104,6;35503,9;-0,1041;21;1;2022;36475,5
65280;41683,6;43487,1;40568,3;-0,0231;20;1;2022;40715,9
53770;42365,3;42558;41160,9;-0,0162;19;1;2022;41677,8
47320;42209,9;42674,2;41300,7;0,0037;18;1;2022;42364,6
41440;43080,5;43179,6;41559,4;-0,0202;17;1;2022;42209,3
28660;43079,2;43462;42643,3;-0,0004;16;1;2022;43079,1
31440;43073,6;43777,9;42586,1;0,0006;15;1;2022;43097
50500;42562,2;43435,1;41848,7;0,0121;14;1;2022;43073,3
53420;43900;44404,7;42337,5;-0,0305;13;1;2022;42560
53950;42735;44243,6;42476,7;0,0273;12;1;2022;43901
61780;41829,1;43090,2;41287,6;0,0215;11;1;2022;42733,2
85500;41848,9;42243,8;39697;-0,0004;10;1;2022;41832,2
37510;41681,2;42764,4;41260,9;0,0042;9;1;2022;41848,3
52540;41551,3;42304,4;40574,3;0,003;8;1;2022;41672
88360;43097,9;43127,7;40810;-0,036;7;1;2022;41546,7
63080;43431,6;43772,3;42481,1;-0,0076;6;1;2022;43097,5
83740;45833,1;47019,4;42535,1;-0,0526;5;1;2022;43425,9
55590;46435,7;47505,4;45602,1;-0,0128;4;1;2022;45837,3
41060;47293,9;47556;45704;-0,0186;3;1;2022;46430,2
27020;47738,7;47944,9;46718,2;-0,0089;2;1;2022;47311,8
31240;46217,5;47917,6;46217,5;0,0329;1;1;2022;47738
101920;34281,6;34348,3;32189,9;-0,0343;31;1;2021;33108,1
128570;34300;34920,9;32908,5;-0,0005;30;1;2021;34283,1
297730;33381,7;38546;31953,3;0,0278;29;1;2021;34301,8
167390;30408,9;33790,8;29911,9;0,0977;28;1;2021;33374,8
194350;32499,6;32545,4;29290,4;-0,0646;27;1;2021;30404
139840;32244,1;32917,7;30850;0,0077;26;1;2021;32502,1
142430;32244,3;34854,3;31967,4;0,0003;25;1;2021;32252,3
88210;32088,5;33034,8;30982,9;0,0047;24;1;2021;32241,3
100700;32994,1;33441,4;31418,2;-0,0276;23;1;2021;32088,9
243090;30838,7;33821,2;28871,2;0,07;22;1;2021;33000,5
253270;35472,3;35591,1;30101,8;-0,1306;21;1;2021;30842,1
153610;35862,1;36384,4;33444,5;-0,0146;20;1;2021;35476,3
79110;36630,6;37821;36001,4;-0,0167;19;1;2021;36002,9
111520;35838,2;37436,8;34801;0,0216;18;1;2021;36613,2
126820;36020,1;36801,3;33883,5;-0,005;17;1;2021;35839,6
137020;36751,8;37931,7;35408,4;-0,0224;16;1;2021;36019,5
118420;39175,7;39715;34488,7;-0,0595;15;1;2021;36845,8
172400;37383,4;40054,3;36772,1;0,048;14;1;2021;39175,7
209930;34061,2;37764,6;32451,9;0,097;13;1;2021;37382,2
241930;35426;36598,7;32572,7;-0,0413;12;1;2021;34076,1
251040;38195,3;38217,2;30411,6;-0,0693;11;1;2021;35544,3
215780;40149,7;41362,4;35141,6;-0,0488;10;1;2021;38192,2
128419,99999999999;40607,2;41363,5;38775,1;-0,011;9;1;2021;40151,9
251290;39466,4;41921,7;36613,4;0,0289;8;1;2021;40599,3
249600;36798,5;40340,9;36361,2;0,0725;7;1;2021;39460,2
227560;33999,3;36934,8;33408,3;0,0824;6;1;2021;36793,2
202130;32015,4;34414,7;30010,5;0,0615;5;1;2021;33991,5
255270;33016,6;33587,5;28204,5;-0,0284;4;1;2021;32022,6
155210;32192,9;34755,9;32029,6;0,0238;3;1;2021;32958,9
240870;29359,7;33233,5;29008;0,0965;2;1;2021;32193,3
100900;28951,7;29627,1;28712,4;0,0142;1;1;2021;29359,9
633370;9508,3;9525;9222,3;-0,0166;31;1;2020;9349,1
765210;9299,1;9569;9209,2;0,0224;30;1;2020;9507,3
749880;9377,3;9428,7;9250,9;-0,0084;29;1;2020;9298,9
954200;8866,6;9389,5;8866,6;0,0576;28;1;2020;9377,3
706450;8608,1;8983,1;8585,6;0,0301;27;1;2020;8866,6
468340;8341,6;8607,8;8304,9;0,0319;26;1;2020;8607,8
444000;8439,9;8447,6;8277,2;-0,0117;25;1;2020;8341,6
617020;8404,9;8522;8242,6;0,0041;24;1;2020;8439,9
722670;8678,5;8687,3;8309,6;-0,0315;23;1;2020;8405,1
509060;8733;8805,4;8610,8;-0,0062;22;1;2020;8678,5
540200;8642;8770,3;8524;0,0105;21;1;2020;8732,6
599060;8705,7;8740,1;8539,2;-0,0074;20;1;2020;8641,9
975010;8916,3;9183,7;8552,8;-0,0236;19;1;2020;8706,2
627740;8913;8982,3;8814,6;0,0004;18;1;2020;8916,3
794110;8726,7;9005,1;8675,9;0,0213;17;1;2020;8913,1
748320;8818,1;8850;8605,8;-0,0104;16;1;2020;8726,9
610660;8188,3;8196,7;8068,4;-0,0093;13;1;2020;8111,4
595220;8023,3;8189,9;7973,1;0,0204;12;1;2020;8187,6
776750;8187,8;8262,9;8008,4;-0,0199;11;1;2020;8024,1
786500;8060;8065,9;7779,2;-0,027;9;1;2020;7842,4
786750;7372,6;7783,1;7366,7;0,0524;6;1;2020;7759,1
628140;7376,8;7501;7345,6;-0,0006;5;1;2020;7372,5
523909,99999999994;7345,1;7433,1;7291,4;0,0046;4;1;2020;7376,8
936290;6967,1;7402,9;6884,1;0,054;3;1;2020;7343,1
632780;7199,7;7209,6;6901,4;-0,0323;2;1;2020;6967
420280;7196,4;7259,4;7180;0,0005;1;1;2020;7199,8
477070;3460;3484,7;3427;-0,0066;31;1;2019;3437,2
600250;3414,6;3479;3394,2;0,0132;30;1;2019;3460
585460;3442,8;3450,1;3368,2;-0,0081;29;1;2019;3414,8
620850;3555,8;3561,2;3395,7;-0,0317;28;1;2019;3442,8
464020;3570,9;3583,2;3509,2;-0,0043;27;1;2019;3555,6
432550;3572;3652,5;3556,1;-0,0003;26;1;2019;3570,9
448890;3574,3;3582,6;3542,2;-0,0006;25;1;2019;3572
428600;3561,4;3587;3539,7;0,0036;24;1;2019;3574,3
445870;3580,1;3608,3;3532,8;-0,0052;23;1;2019;3561,5
447700;3536,9;3607,9;3465,2;0,0123;22;1;2019;3580,1
394170;3542,7;3561,4;3505,4;-0,0016;21;1;2019;3536,7
563310;3676,2;3699,1;3503,9;-0,0368;20;1;2019;3542,3
537060;3605,8;3715,2;3604,1;0,02;19;1;2019;3677,8
488160;3626,3;3627,9;3575,7;-0,0057;18;1;2019;3605,6
525100;3588,1;3636,7;3554,8;0,0107;17;1;2019;3626,4
487340;3570,6;3644,1;3561,4;0,0047;16;1;2019;3588
544850;3637,5;3660,8;3545,7;-0,0184;15;1;2019;3571,3
539930;3490,4;3672;3490,4;0,0424;14;1;2019;3638,1
452790;3597,3;3617,6;3473,2;-0,0298;13;1;2019;3490,2
435060;3616,6;3633,9;3561,3;-0,0053;12;1;2019;3597,2
551640;3603,3;3655,7;3563,1;0,0035;11;1;2019;3616,5
697310;3978,9;4007,7;3562,1;-0,0941;10;1;2019;3603,7
473420;3971;4014,2;3957,5;0,0017;9;1;2019;3978
514080,00000000006;3985,8;4070,5;3943,1;-0,0037;8;1;2019;3971
500880;4004,3;4028;3945,5;-0,0045;7;1;2019;3985,9
529890;3785,7;4034,1;3758,5;0,0578;6;1;2019;4004,1
468450;3802,8;3846,7;3769;-0,0046;5;1;2019;3785,4
488700;3780,5;3823,9;3720;0,006;4;1;2019;3802,7
450320;3874,1;3875,8;3753;-0,0242;3;1;2019;3780,1
554470;3809,7;3894,8;3768,1;0,0169;2;1;2019;3873,8
469110;3709,5;3814,3;3664,4;0,0269;1;1;2019;3809,4
208470;10166,3;10397,7;9742,2;0,0098;31;1;2018;10265,4
264720;11244,5;11277,2;9917,7;-0,0959;30;1;2018;10166
137420;11794,9;11888,1;11119;-0,0467;29;1;2018;11244,8
154630;11471,2;12112,7;11433,3;0,0286;28;1;2018;11795,1
163490;11118;11621,7;10908,4;0,0314;27;1;2018;11467,5
253910;11203,1;11655,3;10389,4;-0,0076;26;1;2018;11118,1
181810;11439,9;11740,9;10983,8;-0,0218;25;1;2018;11203
136060;10899,4;11549,5;10584,5;0,0504;24;1;2018;11452,3
188370;10869;11438;10056,6;0,0035;23;1;2018;10903,2
201730;11597,5;11970,9;10136,8;-0,063;22;1;2018;10864,8
206960;12857,1;12860,2;11164,5;-0,0983;21;1;2018;11594,9
143900;11579,2;13082,2;11567,3;0,1104;20;1;2018;12858,9
170740;11229,6;11973,2;10901,5;0,0298;19;1;2018;11580,2
242450;11202;12004,7;10660,2;0,0047;18;1;2018;11245,4
361800;11357,7;11769,6;9271,3;-0,0149;17;1;2018;11192,3
317100;13704,4;13711;10050,7;-0,1705;16;1;2018;11362
73270;13695,5;14396,6;13475,4;0,0002;15;1;2018;13697,5
85120;14291,9;14446,1;13094,7;-0,0418;14;1;2018;13695,2
61140;13896;14640,7;13888,2;0,0292;13;1;2018;14292,2
82370;13529,2;14176,4;13410;0,026;12;1;2018;13886,7
167810;15046,7;15109,1;13048,3;-0,1002;11;1;2018;13535,4
87070;14778,5;15045,4;13613,1;0,0179;10;1;2018;15043
71400;14976,2;15324,6;14613,4;-0,0132;9;1;2018;14778,5
142450;16228,3;16302,9;13902,3;-0,0771;8;1;2018;14976,2
79010;17174,5;17184,8;15791,1;-0,055;7;1;2018;16228,2
83930;16954,8;17252,8;16286,6;0,0128;6;1;2018;17172,3
141960;15180,1;17126,9;14832,4;0,1169;5;1;2018;16954,8
110970;15156,5;15408,7;14244,7;0,0015;4;1;2018;15180,1
106540;14754,1;15435;14579,7;0,0273;3;1;2018;15156,6
137730;13444,9;15306,1;12934,2;0,0974;2;1;2018;14754,1
78430;13850,5;13921,5;12877,7;-0,0293;1;1;2018;13444,9
54670;920,7;967,5;917,4;0,0486;31;1;2017;965,5
19060;914,5;922,3;911,5;0,0068;30;1;2017;920,7
11050;918,5;922,4;912,7;-0,0043;29;1;2017;914,5
14310;918;921,9;912,8;0,0005;28;1;2017;918,5
30970;915,6;922,6;907,9;0,0027;27;1;2017;918
33800;894,4;919,3;893,5;0,0236;26;1;2017;915,6
37900;893,8;905,7;883,6;0,0007;25;1;2017;894,4
58870;921,5;925,6;889,2;-0,0301;24;1;2017;893,8
32740,000000000004;918,8;928;910,8;0,0029;23;1;2017;921,5
47930;919,8;938,4;888,6;-0,0011;22;1;2017;918,8
40380;892,9;928,9;889,5;0,0302;21;1;2017;919,8
38870;895,2;901,5;878,9;-0,0026;20;1;2017;892,9
58440;872;905,3;870,7;0,0266;19;1;2017;895,2
69260;899,7;913,7;845,9;-0,0307;18;1;2017;872
82210;827,3;906,4;825;0,0874;17;1;2017;899,7
33220;821,2;836,7;817,7;0,0075;16;1;2017;827,3
24400;819,6;826,4;808,6;0,0019;15;1;2017;821,2
44210;824,8;838,9;808,3;-0,0063;14;1;2017;819,6
89860;810,1;835;771;0,0182;13;1;2017;824,8
120240;785,4;828,2;739,5;0,0314;12;1;2017;810,1
194440;904,4;917,7;751,6;-0,1315;11;1;2017;785,4
53710;899,8;911,3;890,1;0,0051;10;1;2017;904,4
62580;900,9;910,5;870,9;-0,0012;9;1;2017;899,8
76910;888,9;936,1;875,8;0,0135;8;1;2017;900,9
130660;886,2;900,9;806,7;0,0031;7;1;2017;888,9
194290;989,3;1027,4;852,5;-0,1043;6;1;2017;886,2
240010;1135,4;1150,6;874,5;-0,1286;5;1;2017;989,3
156270;1033,3;1148,5;1022,3;0,0988;4;1;2017;1135,4
54790;1017;1035,5;1006,5;0,016;3;1;2017;1033,3
64950;995,4;1031,7;990,2;0,0217;2;1;2017;1017
41150;963,4;1001,6;956,1;0,0333;1;1;2017;995,4
39020;377,8;380,5;366,9;-0,021;31;1;2016;369,8
36180;380,3;381,8;375;-0,0067;30;1;2016;377,8
138460;379,7;385,8;363,5;0,0016;29;1;2016;380,3
77320;395;395,4;376,7;-0,0388;28;1;2016;379,7
43680;389,8;397,4;389,4;0,0134;27;1;2016;395
56810;392,8;397,7;387,9;-0,0076;26;1;2016;389,8
67660;402,1;403,8;386,9;-0,0233;25;1;2016;392,8
64540,000000000007;388,6;405,4;385,5;0,0348;24;1;2016;402,1
61380;382,6;395,4;380,3;0,0156;23;1;2016;388,6
144860;410,2;411,5;374,9;-0,0673;22;1;2016;382,6
89940;414,6;423,4;403,9;-0,0105;21;1;2016;410,2
190320;379,5;425,7;374;0,0926;20;1;2016;414,6
66350;384,4;386,7;375,9;-0,0129;19;1;2016;379,5
69300;382,5;387,3;373,2;0,005;18;1;2016;384,4
66090;385;390,7;377,7;-0,0067;17;1;2016;382,5
183960;372,3;386,7;350,4;0,0343;16;1;2016;385
268140;429,1;430,1;364,7;-0,1325;15;1;2016;372,3
46170;432,2;433,7;427;-0,0071;14;1;2016;429,1
92040;445;443,7;420,4;-0,0289;13;1;2016;432,2
44590;447,7;448,4;443,1;-0,006;12;1;2016;445
56590;446,2;451,1;441,8;0,0034;11;1;2016;447,7
44460;448,3;448,9;438,6;-0,0047;10;1;2016;446,2
39810;452,9;454,5;444,9;-0,0101;9;1;2016;448,3
91310;457;462,9;446,5;-0,0091;8;1;2016;452,9
130199,99999999999;430,8;457,5;428,5;0,0609;7;1;2016;457
43430;431,2;432,1;425;-0,0009;6;1;2016;430,8
45030;433,3;435,3;428,9;-0,0049;5;1;2016;431,2
53010;430,7;435,3;428,6;0,0061;4;1;2016;433,3
54830;433,7;434,1;423,1;-0,007;3;1;2016;430,7
33570;434;437,4;430,7;-0,0006;2;1;2016;433,7
46970;430;438;425,9;0,0094;1;1;2016;434
42150;231,8;235,4;216,5;-0,0575;31;1;2015;218,5
48230;234;244,8;227,2;-0,0092;30;1;2015;231,8
54490;236,2;241,5;220,4;-0,0092;29;1;2015;234
63770;263,3;267,7;228,1;-0,1029;28;1;2015;236,2
50260;269,2;276,9;247,3;-0,022;27;1;2015;263,3
105710;252,1;310,9;251,5;0,0678;26;1;2015;269,2
50190;248,2;256,4;241,4;0,0158;25;1;2015;252,1
33240;232,2;248,9;229,6;0,0689;24;1;2015;248,2
38170;232,7;237;224,8;-0,0023;23;1;2015;232,2
53710;228,2;238,8;225,6;0,0199;22;1;2015;232,7
43180;210,6;229,3;207,1;0,0837;21;1;2015;228,2
37480;215,9;216,6;203,4;-0,0246;20;1;2015;210,6
31580;210,6;219,5;205,5;0,0249;19;1;2015;215,9
40370;199,6;220,7;192,5;0,0549;18;1;2015;210,6
43130;206,9;212,6;191,7;-0,0351;17;1;2015;199,6
62320;209,8;222,6;198,7;-0,0136;16;1;2015;206,9
124670;164,9;231,3;164,6;0,272;15;1;2015;209,8
170680;221,3;230,9;157,3;-0,2547;14;1;2015;164,9
95500;269,3;269,1;217,1;-0,1784;13;1;2015;221,3
25390;264,8;273,1;263,3;0,0172;12;1;2015;269,3
15110;273,4;278;263,8;-0,0314;11;1;2015;264,8
14730;288;289,3;272;-0,0508;10;1;2015;273,4
20930;282,7;290,6;277,3;0,0187;9;1;2015;288
20180;291,3;292,7;279;-0,0297;8;1;2015;282,7
30670;282,3;296,1;280,7;0,0321;7;1;2015;291,3
21940;274,8;285,1;271,5;0,027;6;1;2015;282,3
54990;264,7;278,3;262,9;0,0382;5;1;2015;274,8
88770;287,1;289,9;255,9;-0,078;4;1;2015;264,7
47370;315,2;315,8;284,9;-0,0891;3;1;2015;287,1
14730;314,9;316,4;313,1;0,001;2;1;2015;315,2
12820;318,2;321,4;313,5;-0,0105;1;1;2015;314,9
4310;941,4;954,7;924,6;-0,0027;31;1;2014;938,8
5430;925,7;953,2;909,5;0,017;30;1;2014;941,4
5680;932,7;950,6;918,9;-0,0075;29;1;2014;925,7
10410;943,5;972,6;911,7;-0,0115;28;1;2014;932,7
8330;1007;1021,5;937,2;-0,063;27;1;2014;943,5
13070;961;1038,1;950,7;0,0478;26;1;2014;1007
8180;916,5;978,4;915,9;0,0486;25;1;2014;961
6200;944,2;949,5;902,9;-0,0292;24;1;2014;916,5
1970;951;958,1;936,3;-0,0071;23;1;2014;944,2
4780;962,2;973,9;935;-0,0117;22;1;2014;951
6590;956;974,3;943,2;0,0065;21;1;2014;962,2
10410;954,8;980,5;926;0,0012;20;1;2014;956
7570;905,7;958,1;901,9;0,0542;19;1;2014;954,8
6040;894,2;924,7;884,7;0,0129;18;1;2014;905,7
10310;913,5;929,8;867,2;-0,0212;17;1;2014;894,2
5100;941,2;955,5;910,5;-0,0295;16;1;2014;913,5
6830;919,3;973,1;915,1;0,0239;15;1;2014;941,2
4310;922,9;942,5;904,2;-0,0039;14;1;2014;919,3
10130;939,8;949,2;879,9;-0,018;13;1;2014;922,9
9930;1005,3;1022,7;922,1;-0,0652;12;1;2014;939,8
11180;957,8;1010,8;935;0,0497;11;1;2014;1005,3
6350;937;964,8;905,9;0,0222;10;1;2014;957,8
14420;938,8;964,6;866,5;-0,002;9;1;2014;937
14100;879,9;966,9;858,9;0,067;8;1;2014;938,8
22670;1012,7;1044;879,8;-0,1311;7;1;2014;879,9
23080;1014,7;1093,4;964,7;-0,0021;6;1;2014;1012,7
21370;924,7;1029,9;911,4;0,0974;5;1;2014;1014,7
14240;884,3;932,2;848,3;0,0457;4;1;2014;924,7
9710;856,9;888,2;839,4;0,0319;3;1;2014;884,3
12810;815,9;886,2;810,5;0,0502;2;1;2014;856,9
10760;805,9;829,9;771;0,0124;1;1;2014;815,9
99230;19,7;21,4;19,5;0,036;31;1;2013;20,4
45070;19,5;19,8;19,1;0,0087;30;1;2013;19,7
86080;18,7;19,8;18,7;0,0433;29;1;2013;19,5
57670;17,8;18,9;17,8;0,0505;28;1;2013;18,7
23770;17,9;18;17,2;-0,0034;27;1;2013;17,8
34810;17,4;17,9;16,5;0,0276;26;1;2013;17,9
80770;16,9;17,8;15,4;0,0296;25;1;2013;17,4
172010;17,5;19,2;15,6;-0,0343;24;1;2013;16,9
49440;17,3;17,6;16,8;0,0139;23;1;2013;17,5
60980;16,8;17,6;16,6;0,0274;22;1;2013;17,3
61500;15,7;17;15,6;0,0701;21;1;2013;16,8
25980;15,6;15,9;15,5;0,0051;20;1;2013;15,7
34590;15,7;15,8;15,3;-0,0051;19;1;2013;15,6
56100;15,5;16;15,4;0,0129;18;1;2013;15,7
65489,999999999993;14,7;15,7;14,6;0,0523;17;1;2013;15,5
45530;14,3;14,7;14,2;0,0337;16;1;2013;14,7
51570;14,3;14,5;14;-0,0035;15;1;2013;14,3
22100;14,1;14,4;14,1;0,0127;14;1;2013;14,3
38330;14,2;14,3;13,9;-0,0084;13;1;2013;14,1
26930;14,1;14,3;14;0,0071;12;1;2013;14,2
51810;13,8;14,3;13,8;0,0269;10;1;2013;14,1
42800;13,6;13,9;13,5;0,011;8;1;2013;13,7
25480;13,4;13,6;13,4;0,0104;7;1;2013;13,6
21330;13,5;13,6;13,3;-0,0044;5;1;2013;13,4
29640;13,4;13,5;13,3;0,0075;4;1;2013;13,5
18030;13,3;13,5;13,3;0,009;3;1;2013;13,4
28410;13,5;13,6;13,2;-0,0155;1;1;2013;13,3
42300;5,4;5,6;5,4;0,0204;30;1;2012;5,5
46430;5,6;5,7;5,3;-0,0444;29;1;2012;5,4
89710;5,3;5,8;5,3;0,0643;28;1;2012;5,6
115570;5,3;5,5;5,1;-0,0094;27;1;2012;5,3
123950;5,8;5,9;5,3;-0,0713;26;1;2012;5,3
133120;6,3;6,3;5,5;-0,0859;25;1;2012;5,8
35660;6,4;6,4;6,2;-0,011;24;1;2012;6,3
17690;6,3;6,4;6,2;0,0079;23;1;2012;6,4
44890;6,2;6,4;6,1;0,021;22;1;2012;6,3
64760,000000000007;6,5;6,6;6,1;-0,0478;21;1;2012;6,2
66790;6,4;6,6;6,3;0,0204;20;1;2012;6,5
114820;5,9;6,4;5,9;0,0743;19;1;2012;6,4
226680;5,6;6,9;5,1;0,0571;18;1;2012;5,9
213410;6,7;6,9;4,6;-0,1617;17;1;2012;5,6
122670;7;7,2;6,5;-0,0457;16;1;2012;6,7
62230;6,8;7,1;6,7;0,037;15;1;2012;7
141900;6,4;6,9;6,2;0,053;14;1;2012;6,8
60230;6,8;6,8;6,4;-0,0574;13;1;2012;6,4
140120;6,9;7;6,3;-0,0145;12;1;2012;6,8
99440;6,4;7,1;6,4;0,0849;11;1;2012;6,9
148410;7,1;7,2;5,8;-0,1097;9;1;2012;6,3
57190;6,8;7,2;6,7;0,0441;8;1;2012;7,1
48390;6,7;7;6,4;0,0164;7;1;2012;6,8
218080;6,9;7,2;6,1;-0,036;6;1;2012;6,7
182330;5,6;7,2;5,6;0,2478;5;1;2012;6,9
131170;4,9;5,7;4,8;0,1414;4;1;2012;5,6
125170;5,2;5,3;4,7;-0,0651;3;1;2012;4,9
69150;5,3;5,5;4,8;-0,0095;2;1;2012;5,2
108510;4,7;5,5;4,6;0,1165;1;1;2012;5,3
19880;0,3;0,4;0,3;0,246;20;1;2011;0,4
27130;0,3;0,4;0,3;0,2594;14;1;2011;0,4
1170000;8827,9;8904;8615,5;-0,0012;15;1;2020;8818,3
1480000;8111,2;8898,7;8111,2;0,0885;14;1;2020;8829,2
1050000;7842,5;8187,4;7697,7;0,044;10;1;2020;8187,1
1190000;8154,2;8436,4;7900,8;-0,0118;8;1;2020;8059,6
1010000;7759,1;8182;7754,1;0,0511;7;1;2020;8155,7
